Date,Open,High,Low,Close,Volume,TOTAL_TRADES,QTY_PER_TRADE,DLV_QTY
2007-10-05,234.0,234.0,206.25,210.95,47123,,,
2007-10-08,228.9,228.9,204.0,206.75,8239,,,
2007-10-09,178.0,214.75,177.0,198.0,1132,,,
2007-10-10,190.0,193.75,184.0,185.15,1129,,,
2007-10-11,189.0,189.0,182.8,185.0,757,,,
2007-10-12,177.0,189.0,170.0,171.6,1321,,,
2007-10-15,176.75,185.0,172.0,172.0,710,,,
2007-10-16,174.0,178.0,166.25,169.55,677,,,
2007-10-17,169.55,180.0,162.0,162.0,410,,,
2007-10-18,162.05,170.0,159.5,159.5,2662,,,
2007-10-19,158.0,158.0,145.05,153.8,436,,,
2007-10-22,148.05,166.9,148.05,156.0,612,,,
2007-10-23,158.0,163.0,158.0,159.25,871,,,
2007-10-24,160.8,161.0,150.0,159.7,6392,,,
2007-10-25,155.0,165.0,151.2,165.0,2599,,,
2007-10-26,156.0,165.0,156.0,162.15,733,,,
2007-10-29,160.15,163.8,152.0,157.25,3687,,,
2007-10-30,150.1,157.0,150.1,151.8,1810,,,
2007-10-31,148.1,152.1,141.15,148.15,1923,,,
2007-11-01,158.0,163.9,146.6,157.6,993,,,
2007-11-02,155.0,180.0,150.55,160.9,2010,,,
2007-11-05,163.1,193.1,163.1,193.05,3257,,,
2007-11-06,228.95,228.95,190.5,193.05,3560,,,
2007-11-07,195.0,195.0,177.0,179.45,1015,,,
2007-11-08,215.0,215.0,155.0,191.7,4952,,,
2007-11-09,163.0,210.0,162.05,179.8,2217,,,
2007-11-12,171.0,188.0,171.0,182.5,524,,,
2007-11-13,187.5,187.5,173.0,176.65,876,,,
2007-11-14,180.0,180.05,168.0,174.0,1688,,,
2007-11-15,183.9,183.9,168.5,179.0,1232,,,
2007-11-16,175.0,180.0,175.0,180.0,879,,,
2007-11-19,189.0,189.0,171.0,187.05,1936,,,
2007-11-20,178.0,189.9,178.0,183.85,1031,,,
2007-11-21,182.1,186.7,178.0,178.4,1332,,,
2007-11-22,197.95,197.95,170.0,175.95,1559,,,
2007-11-23,170.15,179.8,170.15,172.85,188,,,
2007-11-26,164.0,179.85,164.0,174.85,411,,,
2007-11-27,174.0,180.0,174.0,175.15,913,,,
2007-11-28,204.95,204.95,172.3,175.2,621,,,
2007-11-29,175.0,203.25,175.0,189.05,3972,,,
2007-11-30,166.1,195.0,166.1,188.8,996,,,
2007-12-03,186.9,195.0,181.0,191.5,2616,,,
2007-12-04,190.0,199.9,190.0,197.5,2170,,,
2007-12-05,190.9,197.5,190.9,197.45,85,,,
2007-12-06,198.0,199.0,190.25,195.15,682,,,
2007-12-07,195.0,195.0,186.0,187.05,1596,,,
2007-12-10,185.15,193.7,185.15,188.7,729,,,
2007-12-11,180.05,194.95,180.05,191.6,3240,,,
2007-12-12,182.1,199.85,182.1,190.1,598,,,
2007-12-13,190.0,196.0,190.0,194.0,1826,,,
2007-12-14,183.25,194.8,183.25,189.0,4147,,,
2007-12-17,190.0,190.0,186.05,186.1,232,,,
2007-12-18,182.0,182.0,180.0,180.0,365,,,
2007-12-19,182.05,182.05,181.3,181.3,6,,,
2007-12-20,181.1,181.1,178.5,179.15,175,,,
2007-12-24,184.0,184.95,175.3,175.95,813,,,
2007-12-26,177.0,183.5,176.0,177.65,1066,,,
2007-12-27,180.0,180.0,175.5,180.0,609,,,
2007-12-28,180.0,190.0,176.3,182.45,1145,,,
2007-12-31,199.95,199.95,192.15,193.45,983,,,
2008-01-01,197.95,198.0,190.15,195.0,1367,,,
2008-01-02,197.5,197.55,190.55,191.5,978,,,
2008-01-03,191.0,195.8,191.0,194.65,1118,,,
2008-01-04,204.9,228.0,194.0,197.0,14479,,,
2008-01-07,197.0,200.0,195.4,195.65,3866,,,
2008-01-08,197.9,200.0,192.0,193.3,1959,,,
2008-01-09,179.0,200.0,179.0,191.95,600,,,
2008-01-10,194.5,194.85,180.2,181.2,1152,,,
2008-01-11,181.0,187.9,181.0,186.2,542,,,
2008-01-14,181.0,185.0,180.0,184.4,547,,,
2008-01-15,184.9,188.0,179.05,182.5,272,,,
2008-01-16,179.0,179.0,171.0,175.25,1068,,,
2008-01-17,182.0,183.9,175.5,180.0,340,,,
2008-01-18,175.0,181.95,170.0,172.45,791,,,
2008-01-21,156.0,186.95,151.0,151.0,1270,,,
2008-01-22,149.0,177.95,130.0,147.0,590,,,
2008-01-23,130.0,174.9,124.0,145.05,1292,,,
2008-01-24,145.05,150.9,126.6,135.7,1453,,,
2008-01-25,134.0,158.95,132.0,150.3,3046,,,
2008-01-28,150.0,158.95,142.25,145.0,247,,,
2008-01-29,159.0,165.0,155.0,162.5,2620,,,
2008-01-30,152.0,163.5,152.0,152.9,399,,,
2008-01-31,158.4,158.4,142.35,157.0,1410,,,
2008-02-01,152.0,152.0,150.0,150.0,1220,,,
2008-02-04,150.0,157.0,150.0,154.5,720,,,
2008-02-05,140.0,159.0,140.0,147.8,623,,,
2008-02-06,150.0,150.0,140.1,146.8,149,,,
2008-02-07,141.05,154.5,141.05,147.9,2366,,,
2008-02-08,144.0,144.0,139.1,139.1,157,,,
2008-02-11,142.0,144.85,136.05,141.3,567,,,
2008-02-12,130.0,132.0,116.0,124.8,1080,,,
2008-02-13,126.0,134.0,120.25,128.0,1059,,,
2008-02-14,144.9,150.0,130.25,138.85,535,,,
2008-02-15,139.0,140.0,130.0,131.25,994,,,
2008-02-18,131.0,139.5,125.3,129.45,3589,,,
2008-02-19,130.0,130.0,128.0,130.0,544,,,
2008-02-20,130.0,135.0,124.0,130.0,612,,,
2008-02-21,140.0,140.0,126.65,127.35,753,,,
2008-02-22,126.0,134.0,126.0,128.55,447,,,
2008-02-25,129.0,130.35,128.0,128.9,460,,,
2008-02-26,131.0,131.0,127.0,130.0,290,,,
2008-02-27,125.0,130.0,125.0,129.7,517,,,
2008-02-28,125.05,132.0,125.05,129.95,1848,,,
2008-02-29,129.95,130.0,124.0,130.0,159,,,
2008-03-03,124.0,129.95,122.25,122.95,800,,,
2008-03-04,122.6,129.6,117.0,117.0,641,,,
2008-03-05,120.0,120.0,108.0,114.1,636,,,
2008-03-07,108.5,108.6,97.6,104.85,2603,,,
2008-03-10,102.0,102.0,100.0,101.7,1581,,,
2008-03-11,98.0,106.75,95.0,106.0,1119,,,
2008-03-12,111.0,111.0,103.15,103.35,4742,,,
2008-03-13,103.6,108.75,99.0,101.15,796,,,
2008-03-14,102.0,102.0,101.0,101.0,474,,,
2008-03-17,86.25,102.0,86.15,98.0,779,,,
2008-03-18,93.0,94.0,80.5,86.7,5933,,,
2008-03-19,86.7,98.65,70.0,89.7,4968,,,
2008-03-24,82.0,96.0,80.0,82.0,2326,,,
2008-03-25,89.9,90.8,85.15,87.35,6135,,,
2008-03-26,85.05,90.0,83.0,89.35,5900,,,
2008-03-27,78.0,107.25,78.0,96.25,12492,,,
2008-03-28,103.3,103.75,94.7,98.6,8675,,,
2008-03-31,101.9,101.9,97.25,100.0,418,,,
2008-04-01,102.0,102.0,96.0,96.0,5427,,,
2008-04-02,101.85,101.85,92.7,95.4,1439,,,
2008-04-03,98.75,98.9,95.05,98.9,733,,,
2008-04-04,96.0,105.0,96.0,104.0,4454,,,
2008-04-07,99.0,102.0,99.0,101.9,303,,,
2008-04-08,100.0,104.0,97.0,100.95,598,,,
2008-04-09,103.0,105.0,101.0,103.95,821,,,
2008-04-10,100.0,102.0,98.05,100.4,1075,,,
2008-04-11,110.0,110.9,96.45,107.35,1853,,,
2008-04-15,92.5,124.8,92.0,113.15,5446,,,
2008-04-16,113.9,115.0,111.15,114.5,3102,,,
2008-04-17,115.0,115.0,109.5,112.15,472,,,
2008-04-21,121.9,121.9,110.35,112.85,1266,,,
2008-04-22,111.85,112.8,109.0,110.1,752,,,
2008-04-23,110.15,112.0,107.0,107.45,3066,,,
2008-04-24,115.0,115.0,107.0,108.0,292,,,
2008-04-25,111.0,111.0,108.0,108.3,175,,,
2008-04-28,108.1,108.1,108.0,108.0,217,,,
2008-04-29,107.0,108.0,104.0,107.0,4635,,,
2008-04-30,107.45,108.05,107.45,107.85,146,,,
2008-05-02,97.1,120.0,97.1,108.5,1768,,,
2008-05-05,105.1,114.0,105.1,108.95,782,,,
2008-05-06,107.0,110.0,105.0,106.3,273,,,
2008-05-07,104.35,107.05,104.35,107.0,507,,,
2008-05-08,107.0,111.5,97.1,111.35,466,,,
2008-05-09,107.0,107.0,105.0,106.0,430,,,
2008-05-12,110.0,110.0,102.4,104.0,279,,,
2008-05-13,105.0,109.55,105.0,105.75,1855,,,
2008-05-14,103.2,110.0,103.2,105.2,139,,,
2008-05-15,105.45,111.8,101.1,108.9,664,,,
2008-05-16,115.0,115.0,107.0,110.7,1777,,,
2008-05-20,103.4,110.0,103.4,105.25,81,,,
2008-05-21,105.25,110.0,105.0,110.0,290,,,
2008-05-22,109.0,110.0,100.0,106.2,1290,,,
2008-05-23,109.95,110.0,101.0,102.25,1222,,,
2008-05-26,101.0,109.0,101.0,107.0,276,,,
2008-05-27,101.0,102.05,101.0,101.3,1660,,,
2008-05-28,101.0,104.9,98.8,98.8,1127,,,
2008-05-29,98.0,103.9,98.0,101.0,22,,,
2008-05-30,94.0,103.0,94.0,100.1,156,,,
2008-06-02,81.25,109.85,81.25,94.95,331,,,
2008-06-03,93.0,98.4,90.0,93.9,187,,,
2008-06-04,92.95,110.0,92.0,92.5,584,,,
2008-06-05,78.5,103.65,78.1,91.05,250,,,
2008-06-06,102.0,105.0,87.1,100.4,9442,,,
2008-06-09,95.0,95.0,85.65,95.0,319,,,
2008-06-10,91.0,99.9,86.0,98.3,664,,,
2008-06-11,97.0,101.0,94.0,94.35,178,,,
2008-06-12,94.95,107.9,94.95,99.45,359,,,
2008-06-13,101.0,104.9,101.0,101.1,613,,,
2008-06-16,97.0,108.0,97.0,106.0,724,,,
2008-06-17,108.0,108.0,101.0,105.75,345,,,
2008-06-18,105.0,105.0,100.0,100.15,917,,,
2008-06-19,103.0,103.0,103.0,103.0,170,,,
2008-06-20,103.0,104.8,96.05,99.0,252,,,
2008-06-23,89.75,101.9,89.75,101.9,22,,,
2008-06-24,91.15,103.2,91.15,93.2,1071,,,
2008-06-25,92.5,94.05,92.1,94.05,310,,,
2008-06-26,93.15,97.1,86.0,92.05,1272,,,
2008-06-27,89.5,93.0,89.0,92.9,26,,,
2008-06-30,85.5,85.5,85.5,85.5,21,,,
2008-07-01,79.25,99.7,79.25,82.0,250,,,
2008-07-02,80.0,94.65,69.15,81.15,426,,,
2008-07-03,82.05,85.0,82.0,85.0,109,,,
2008-07-04,84.9,85.0,80.1,84.3,416,,,
2008-07-07,86.0,86.0,78.8,79.9,1615,,,
2008-07-08,76.0,80.0,76.0,77.0,955,,,
2008-07-09,88.3,88.3,78.4,80.65,13212,,,
2008-07-10,77.0,93.3,77.0,80.9,17811,,,
2008-07-11,85.0,85.0,77.45,82.65,514,,,
2008-07-14,71.25,85.8,71.25,80.1,202,,,
2008-07-15,79.0,84.7,75.5,78.8,362,,,
2008-07-16,78.0,78.0,74.1,74.1,184,,,
2008-07-17,71.0,87.95,70.0,75.55,979,,,
2008-07-18,74.5,78.8,74.5,78.7,172,,,
2008-07-21,79.7,79.7,73.1,73.95,131,,,
2008-07-22,84.0,84.0,73.5,75.55,71,,,
2008-07-23,75.0,80.5,75.0,76.75,258,,,
2008-07-24,76.0,82.5,76.0,82.5,63,,,
2008-07-25,78.0,79.0,78.0,79.0,121,,,
2008-07-28,79.0,92.0,79.0,88.7,1718,,,
2008-07-29,90.15,97.9,88.0,90.15,2558,,,
2008-07-30,102.95,102.95,89.0,92.9,435,,,
2008-07-31,90.0,94.95,88.5,89.05,16146,,,
2008-08-01,90.0,99.9,88.0,90.9,870,,,
2008-08-04,96.0,96.0,89.05,90.0,884,,,
2008-08-05,88.5,93.8,81.3,89.45,3004,,,
2008-08-06,85.75,90.0,85.75,90.0,1470,,,
2008-08-07,93.0,93.0,88.0,91.7,755,,,
2008-08-08,88.0,89.65,87.1,87.5,360,,,
2008-08-11,91.0,91.0,84.0,86.0,406,,,
2008-08-12,85.0,85.2,85.0,85.2,119,,,
2008-08-14,76.15,90.0,76.15,88.75,800,,,
2008-08-18,76.0,89.0,75.0,84.7,6959,,,
2008-08-19,93.65,93.65,81.5,86.85,252,,,
2008-08-20,86.85,86.85,83.65,83.75,21,,,
2008-08-21,85.0,85.0,80.05,84.8,55,,,
2008-08-22,77.9,81.5,77.9,80.0,118,,,
2008-08-25,80.0,88.6,76.6,82.45,212,,,
2008-08-26,70.0,94.95,70.0,80.0,5084,,,
2008-08-27,78.25,79.85,74.05,76.05,1696,,,
2008-08-28,79.0,79.0,73.5,74.2,1345,,,
2008-08-29,78.5,78.5,71.0,72.15,2344,,,
2008-09-01,74.0,74.0,73.55,73.55,60,,,
2008-09-02,77.8,77.8,72.75,72.8,222,,,
2008-09-04,72.8,77.5,72.8,73.5,157,,,
2008-09-05,76.0,79.0,74.1,75.8,309,,,
2008-09-08,82.6,82.6,75.35,75.35,151,,,
2008-09-09,76.8,76.8,74.05,74.05,27,,,
2008-09-10,71.0,76.95,71.0,76.95,57,,,
2008-09-11,72.1,75.0,72.1,75.0,269,,,
2008-09-12,74.0,88.7,72.7,82.45,1369,,,
2008-09-15,78.0,78.0,73.0,73.55,44,,,
2008-09-16,70.1,73.75,70.0,72.05,935,,,
2008-09-17,70.05,70.05,70.0,70.0,25,,,
2008-09-18,68.0,69.7,59.1,63.75,261,,,
2008-09-19,61.0,69.95,61.0,69.0,1312,,,
2008-09-22,67.5,75.0,67.5,71.0,8432,,,
2008-09-23,69.1,69.1,67.0,67.5,635,,,
2008-09-24,71.9,71.9,69.7,69.9,180,,,
2008-09-25,69.7,70.85,66.0,67.65,202,,,
2008-09-26,64.25,65.05,62.0,62.3,3721,,,
2008-09-29,60.0,69.7,54.5,66.25,1367,,,
2008-09-30,66.7,66.7,56.25,62.9,49,,,
2008-10-01,58.0,74.0,58.0,68.55,498,,,
2008-10-03,62.5,70.0,62.0,62.05,141,,,
2008-10-06,60.0,60.0,55.0,56.55,1381,,,
2008-10-07,56.0,62.0,50.35,56.0,2019,,,
2008-10-08,48.0,54.05,44.9,53.1,2009,,,
2008-10-10,46.05,52.0,46.05,50.0,160,,,
2008-10-13,42.5,55.0,42.5,51.15,578,,,
2008-10-14,54.9,59.8,50.0,54.45,704,,,
2008-10-15,50.0,52.0,47.0,50.05,1491,,,
2008-10-16,59.0,59.0,41.8,46.4,108,,,
2008-10-17,55.7,55.7,45.0,47.8,2466,,,
2008-10-20,46.0,48.2,45.2,45.2,559,,,
2008-10-21,49.3,49.3,48.3,49.0,135,,,
2008-10-22,46.15,49.0,46.15,46.2,127,,,
2008-10-23,44.0,46.0,44.0,46.0,60,,,
2008-10-24,47.95,47.95,41.0,47.5,279,,,
2008-10-27,45.0,45.0,38.0,42.0,10996,,,
2008-10-28,38.0,38.0,38.0,38.0,267,,,
2008-10-31,38.0,41.5,35.0,38.25,855,,,
2008-11-03,40.0,44.5,35.0,38.0,1257,,,
2008-11-04,39.9,39.9,35.0,37.0,1151,,,
2008-11-05,35.0,40.0,35.0,36.05,1608,,,
2008-11-06,31.55,38.0,31.5,36.0,1795,,,
2008-11-07,34.0,37.0,34.0,36.0,1744,,,
2008-11-10,39.95,39.95,34.6,34.75,40,,,
2008-11-11,34.0,39.3,34.0,39.0,28,,,
2008-11-12,40.9,40.9,36.0,38.0,1010,,,
2008-11-14,33.55,40.0,33.55,35.5,684,,,
2008-11-18,41.55,41.55,30.45,36.5,1671,,,
2008-11-19,30.25,39.95,30.25,35.7,900,,,
2008-11-20,30.25,36.25,30.25,32.05,442,,,
2008-11-21,30.0,33.0,30.0,30.0,4482,,,
2008-11-25,30.3,32.95,30.3,32.95,21,,,
2008-11-26,30.0,32.0,30.0,30.0,55,,,
2008-11-28,29.0,29.2,29.0,29.2,96,,,
2008-12-01,29.0,32.75,29.0,32.75,228,,,
2008-12-02,29.0,29.0,29.0,29.0,15,,,
2008-12-04,34.45,34.5,31.15,31.25,876,,,
2008-12-05,30.2,34.25,30.2,33.8,651,,,
2008-12-08,32.0,35.7,32.0,33.7,228,,,
2008-12-10,30.55,35.4,30.55,32.35,345,,,
2008-12-11,35.0,35.0,33.0,33.0,224,,,
2008-12-12,37.9,37.9,32.0,36.9,426,,,
2008-12-15,36.75,38.0,32.3,35.55,10066,,,
2008-12-16,36.0,36.0,35.0,36.0,735,,,
2008-12-17,36.85,36.85,33.3,34.0,677,,,
2008-12-18,35.8,35.8,35.0,35.7,502,,,
2008-12-19,34.0,34.35,34.0,34.3,536,,,
2008-12-22,36.0,36.0,34.25,34.35,330,,,
2008-12-23,34.15,34.15,34.0,34.0,120,,,
2008-12-26,34.0,34.0,32.85,32.95,480,,,
2008-12-29,34.0,34.0,31.0,31.0,56,,,
2008-12-30,35.45,35.45,32.5,34.4,214,,,
2008-12-31,33.0,37.9,32.85,35.0,280,,,
2009-01-01,33.1,35.0,33.1,34.7,185,,,
2009-01-02,35.0,38.45,33.6,37.0,995,,,
2009-01-05,34.6,36.5,34.1,36.5,250,,,
2009-01-06,37.5,37.5,37.5,37.5,800,,,
2009-01-07,36.95,37.0,32.0,32.0,2033,,,
2009-01-09,32.0,38.0,32.0,32.0,140,,,
2009-01-12,27.2,33.7,27.1,33.0,798,,,
2009-01-13,34.75,34.75,32.5,32.5,94,,,
2009-01-14,32.5,32.5,32.5,32.5,250,,,
2009-01-15,31.0,35.95,31.0,32.5,71,,,
2009-01-16,32.5,34.45,32.5,33.85,213,,,
2009-01-19,33.0,37.0,33.0,34.5,425,,,
2009-01-20,32.15,32.15,32.05,32.05,159,,,
2009-01-22,35.2,35.2,32.0,32.0,16,,,
2009-01-23,31.5,31.5,27.2,30.0,1128,,,
2009-01-27,30.0,30.0,27.0,29.0,1343,,,
2009-01-29,31.0,31.0,28.7,29.0,125,,,
2009-01-30,29.0,34.6,29.0,33.9,173,,,
2009-02-02,28.35,33.0,28.35,33.0,80,,,
2009-02-03,33.5,33.5,33.5,33.5,100,,,
2009-02-04,33.0,33.0,31.0,31.0,100,,,
2009-02-06,31.6,33.45,31.5,32.5,540,,,
2009-02-09,28.25,34.0,28.25,33.3,259,,,
2009-02-10,33.0,33.0,33.0,33.0,301,,,
2009-02-11,33.0,33.0,26.5,31.75,2837,,,
2009-02-12,30.0,32.4,30.0,30.45,1044,,,
2009-02-13,29.0,30.0,27.55,28.05,2809,,,
2009-02-16,32.9,32.9,28.4,29.4,941,,,
2009-02-17,28.0,29.9,25.3,28.4,282,,,
2009-02-18,27.0,31.45,27.0,28.0,846,,,
2009-02-19,27.1,29.95,27.1,28.4,590,,,
2009-02-20,25.15,33.8,25.1,28.15,1314,,,
2009-02-24,28.1,28.3,26.05,27.0,838,,,
2009-02-25,27.1,28.0,26.55,26.55,402,,,
2009-02-26,26.7,27.5,26.7,27.5,20,,,
2009-03-02,27.0,27.0,27.0,27.0,95,,,
2009-03-03,26.0,28.1,26.0,26.15,343,,,
2009-03-04,26.3,26.3,24.65,24.8,797,,,
2009-03-05,25.85,25.85,23.9,24.0,323,,,
2009-03-06,23.0,24.0,22.2,22.35,898,,,
2009-03-09,23.0,23.0,20.2,20.3,912,,,
2009-03-12,22.35,22.35,20.25,20.25,662,,,
2009-03-13,20.5,21.5,18.25,18.25,26149,,,
2009-03-16,16.45,20.1,16.45,18.45,62150,,,
2009-03-17,18.6,20.3,18.6,20.3,2030,,,
2009-03-18,20.5,22.35,20.5,21.95,870,,,
2009-03-19,21.0,24.0,21.0,23.5,844,,,
2009-03-20,24.0,25.0,23.0,24.55,659,,,
2009-03-23,25.0,25.8,23.5,23.5,6436,,,
2009-03-24,22.4,24.0,22.35,22.6,1340,,,
2009-03-25,23.0,23.75,23.0,23.7,216,,,
2009-03-26,24.5,24.9,24.0,24.0,835,,,
2009-03-27,24.95,25.2,23.0,23.25,272,,,
2009-03-30,22.2,24.4,22.2,24.0,575,,,
2009-03-31,25.2,25.2,24.0,25.2,1350,,,
2009-04-01,24.35,26.0,24.35,25.9,731,,,
2009-04-02,25.9,27.2,25.25,25.9,244,,,
2009-04-06,25.0,27.2,25.0,25.5,652,,,
2009-04-08,26.0,26.3,26.0,26.3,185,,,
2009-04-09,27.65,27.65,27.65,27.65,50,,,
2009-04-13,27.65,29.05,27.65,29.05,179,,,
2009-04-15,30.5,30.5,30.5,30.5,432,,,
2009-04-16,32.05,32.05,32.05,32.05,4750,,,
2009-04-17,31.95,33.6,30.6,32.05,1357,,,
2009-04-20,32.0,32.0,30.5,30.5,398,,,
2009-04-22,29.0,29.0,29.0,29.0,255,,,
2009-04-23,29.0,30.0,29.0,30.0,300,,,
2009-04-24,31.45,31.45,28.5,28.75,677,,,
2009-04-28,29.45,29.45,27.6,27.6,135,,,
2009-04-29,26.65,26.65,26.6,26.65,484,,,
2009-05-04,28.0,28.0,27.0,27.5,8000,,,
2009-05-05,26.5,28.9,26.5,28.9,116,,,
2009-05-06,29.05,29.25,29.05,29.25,50,,,
2009-05-07,28.25,29.25,28.25,29.25,150,,,
2009-05-08,28.0,28.0,28.0,28.0,100,,,
2009-05-11,28.25,30.8,27.0,29.0,2323,,,
2009-05-12,26.45,30.0,26.45,30.0,959,,,
2009-05-13,27.6,30.0,27.6,29.0,702,,,
2009-05-14,31.45,31.9,31.45,31.9,200,,,
2009-05-15,35.1,35.1,31.0,31.05,1139,,,
2009-05-19,32.0,34.2,28.8,32.05,396,,,
2009-05-20,35.3,35.3,35.3,35.3,28,,,
2009-05-21,37.1,37.1,37.1,37.1,72,,,
2009-05-22,39.0,39.0,39.0,39.0,80,,,
2009-05-25,40.95,40.95,40.95,40.95,60,,,
2009-05-26,43.0,43.0,43.0,43.0,230,,,
2009-05-27,45.15,45.15,45.15,45.15,1,,,
2009-05-28,47.15,47.45,42.95,47.45,694,,,
2009-05-29,49.0,49.8,48.0,48.75,1915,,,
2009-06-01,50.9,50.9,47.5,47.9,1280,,,
2009-06-02,46.15,50.25,46.15,47.35,782,,,
2009-06-03,49.0,49.75,45.0,48.2,1971,,,
2009-06-04,50.65,50.65,48.0,49.05,804,,,
2009-06-05,51.5,51.5,50.1,50.1,1089,,,
2009-06-08,52.0,52.0,47.7,47.85,1814,,,
2009-06-09,49.95,49.95,45.5,46.45,106,,,
2009-06-10,48.8,48.8,46.0,48.0,506,,,
2009-06-11,47.95,49.5,45.7,45.8,180,,,
2009-06-12,44.4,47.9,44.4,44.7,577,,,
2009-06-16,42.5,42.5,42.5,42.5,150,,,
2009-06-17,43.0,44.65,43.0,43.25,2855,,,
2009-06-18,41.5,41.5,41.5,41.5,60,,,
2009-06-19,43.5,43.5,43.5,43.5,250,,,
2009-06-22,45.7,45.7,45.7,45.7,276,,,
2009-06-23,44.0,48.0,44.0,48.0,193,,,
2009-06-25,48.0,50.0,45.65,45.75,577,,,
2009-06-26,44.2,46.0,43.5,46.0,2353,,,
2009-06-29,44.0,46.0,44.0,46.0,1722,,,
2009-06-30,44.55,48.25,44.55,47.0,3512,,,
2009-07-01,44.7,49.0,44.7,47.0,5556,,,
2009-07-02,47.05,49.0,47.0,48.0,2150,,,
2009-07-03,47.55,47.7,47.55,47.7,200,,,
2009-07-06,47.3,50.0,47.3,47.6,98,,,
2009-07-07,45.75,49.95,45.75,49.95,376,,,
2009-07-08,46.05,48.0,46.05,47.0,1076,,,
2009-07-09,45.05,48.05,45.05,48.05,420,,,
2009-07-10,46.15,50.2,46.15,49.0,502,,,
2009-07-13,47.05,47.05,46.1,46.1,2187,,,
2009-07-15,46.15,50.75,46.15,50.75,752,,,
2009-07-16,54.75,54.75,54.75,54.75,234,,,
2009-07-17,50.0,60.25,50.0,60.25,299,,,
2009-07-20,60.0,63.0,58.0,59.4,1634,,,
2009-07-21,59.0,61.8,58.3,60.8,418,,,
2009-07-22,62.0,63.35,60.0,60.0,193,,,
2009-07-23,60.0,63.0,60.0,63.0,3494,,,
2009-07-24,62.5,66.0,62.5,63.1,235,,,
2009-07-27,63.1,66.3,62.65,64.25,4230,,,
2009-07-28,67.5,67.5,67.5,67.5,25,,,
2009-07-29,70.9,70.9,70.9,70.9,1110,,,
2009-07-30,68.0,74.45,68.0,74.45,620,,,
2009-07-31,78.2,78.2,73.7,78.2,21673,,,
2009-08-03,78.0,78.0,74.3,75.1,5637,,,
2009-08-04,73.0,78.0,71.35,76.0,370,,,
2009-08-05,77.9,77.9,72.25,77.0,3025,,,
2009-08-06,77.9,80.85,74.2,74.5,2812,,,
2009-08-07,77.9,77.9,75.5,75.5,150,,,
2009-08-10,75.0,79.3,72.55,73.55,1983,,,
2009-08-11,76.9,76.9,76.15,76.15,95,,,
2009-08-13,75.0,77.0,75.0,76.2,2525,,,
2009-08-19,73.2,73.2,72.4,72.4,141,,,
2009-08-20,75.55,76.05,73.0,73.0,3036,,,
2009-08-21,70.05,73.15,70.05,73.1,2247,,,
2009-08-24,71.1,73.35,71.0,71.05,432,,,
2009-08-25,74.6,74.6,67.5,74.0,670,,,
2009-08-26,70.3,75.0,70.3,75.0,150,,,
2009-08-27,72.9,72.9,72.9,72.9,35,,,
2009-08-28,72.0,74.8,69.25,69.25,107,,,
2009-08-31,65.85,72.45,65.85,72.0,141,,,
2009-09-01,68.9,75.0,68.9,75.0,90,,,
2009-09-02,74.9,74.9,74.9,74.9,9,,,
2009-09-03,72.0,76.5,72.0,75.6,1209,,,
2009-09-04,72.05,72.05,72.05,72.05,3202,,,
2009-09-07,72.0,72.05,70.05,72.05,220,,,
2009-09-08,72.15,72.2,72.0,72.0,374,,,
2009-09-09,69.45,69.45,69.45,69.45,83,,,
2009-09-10,68.0,68.0,68.0,68.0,50,,,
2009-09-14,67.0,67.0,67.0,67.0,50,,,
2009-09-15,68.0,68.0,66.0,66.1,177,,,
2009-09-16,66.2,67.0,62.8,66.0,924,,,
2009-09-17,66.0,68.4,66.0,68.25,2058,,,
2009-09-22,69.0,69.0,69.0,69.0,816,,,
2009-09-24,66.0,70.9,66.0,70.9,51,,,
2009-09-25,72.25,72.25,67.35,67.35,510,,,
2009-09-29,64.6,66.0,64.0,64.0,929,,,
2009-09-30,61.0,67.2,61.0,67.2,3733,,,
2009-10-01,70.0,70.0,65.0,65.15,899,,,
2009-10-05,65.0,68.4,65.0,68.4,455,,,
2009-10-06,65.05,65.05,65.05,65.05,50,,,
2009-10-07,62.65,67.0,62.65,67.0,450,,,
2009-10-08,63.7,64.0,63.7,64.0,300,,,
2009-10-09,63.0,63.0,63.0,63.0,50,,,
2009-10-12,65.0,65.0,65.0,65.0,90,,,
2009-10-14,62.3,62.6,62.3,62.6,510,,,
2009-10-15,60.1,64.95,60.0,64.6,1041,,,
2009-10-16,61.55,63.5,61.4,61.4,3766,,,
2009-10-17,61.45,61.45,61.45,61.45,46,,,
2009-10-20,59.1,63.9,59.1,63.9,725,,,
2009-10-21,61.05,63.0,61.0,61.0,5895,,,
2009-10-22,59.05,59.1,59.05,59.1,3000,,,
2009-10-23,62.0,62.0,62.0,62.0,100,,,
2009-10-26,59.0,64.8,59.0,64.8,1206,,,
2009-10-27,62.0,64.0,62.0,63.95,4917,,,
2009-10-28,60.75,65.75,60.75,65.75,410,,,
2009-11-06,62.5,62.5,62.5,62.5,51,,,
2009-11-09,59.4,59.4,59.4,59.4,205,,,
2009-11-10,56.45,56.45,56.45,56.45,15,,,
2009-11-11,53.7,53.75,53.7,53.75,58,,,
2009-11-12,51.3,56.45,51.25,56.45,531,,,
2009-11-13,55.0,56.45,53.65,56.45,475,,,
2009-11-16,54.0,54.0,54.0,54.0,92,,,
2009-11-17,54.0,56.7,54.0,56.7,96300,,,
2009-11-18,55.0,59.0,55.0,56.15,4663,,,
2009-11-19,55.9,57.95,55.5,57.95,2255,,,
2009-11-20,57.0,60.85,57.0,60.85,153294,,,
2009-11-23,63.9,63.9,60.0,61.95,32744,,,
2009-11-24,62.0,62.0,62.0,62.0,4500,,,
2009-11-25,62.0,62.0,60.5,62.0,4734,,,
2009-11-26,61.5,63.5,60.7,60.7,9766,,,
2009-11-27,61.0,62.0,57.75,61.75,1937,,,
2009-11-30,59.0,64.25,59.0,64.25,1864,,,
2009-12-01,62.25,67.4,62.25,66.95,12534,,,
2009-12-02,67.8,70.3,66.55,67.2,28133,,,
2009-12-03,68.0,68.0,67.25,67.25,139,,,
2009-12-04,69.85,69.85,63.9,65.1,1703,,,
2009-12-07,63.55,64.95,63.4,63.4,360,,,
2009-12-08,62.55,66.5,61.1,61.1,20210,,,
2009-12-09,61.75,64.2,61.75,64.2,1953,,,
2009-12-10,65.0,66.0,64.0,64.1,1758,,,
2009-12-11,62.6,64.5,61.85,62.65,4175,,,
2009-12-14,61.75,63.8,60.75,60.75,1648,,,
2009-12-15,60.35,61.05,60.35,61.0,120,,,
2009-12-16,60.25,61.0,58.0,59.3,14418,,,
2009-12-17,60.0,62.3,60.0,62.3,55936,,,
2009-12-18,62.3,65.0,62.3,63.4,39180,,,
2009-12-21,62.55,65.0,62.55,64.85,3072,,,
2009-12-22,63.5,65.0,61.75,63.5,17910,,,
2009-12-23,61.0,65.0,61.0,64.0,16596,,,
2009-12-24,65.0,67.2,65.0,67.2,5308,,,
2009-12-29,67.0,70.6,67.0,70.6,2791,,,
2009-12-30,74.15,74.15,70.05,74.15,11635,,,
2009-12-31,72.65,77.0,72.65,76.2,2170,,,
2010-01-04,76.2,77.0,75.05,75.5,1633,,,
2010-01-05,74.15,79.3,74.15,78.15,23964,,,
2010-01-06,80.0,82.0,79.5,81.55,14533,,,
2010-01-07,83.85,83.85,81.1,82.5,14060,,,
2010-01-08,80.1,84.95,80.1,83.1,4375,,,
2010-01-11,79.05,84.5,79.05,83.0,988,,,
2010-01-12,83.0,87.0,80.1,80.7,17920,,,
2010-01-13,77.05,83.0,77.05,79.7,8251,,,
2010-01-14,78.55,83.7,78.55,83.7,566,,,
2010-01-15,87.9,87.9,83.75,85.0,838,,,
2010-01-18,83.5,87.25,81.15,81.65,6578,,,
2010-01-19,83.0,83.0,77.6,77.6,3547,,,
2010-01-20,80.0,80.6,75.0,75.0,4611,,,
2010-01-21,76.0,78.6,72.15,74.7,3287,,,
2010-01-22,71.5,75.0,71.5,74.25,313,,,
2010-01-25,71.2,75.0,71.2,71.35,101,,,
2010-01-27,71.65,73.45,68.1,72.6,7262,,,
2010-01-28,72.25,74.95,69.65,74.95,1600,,,
2010-01-29,71.65,73.95,71.5,72.75,1752,,,
2010-02-01,72.0,76.4,72.0,74.45,4674,,,
2010-02-02,76.0,76.25,75.05,75.95,1675,,,
2010-02-03,78.5,78.5,76.25,76.25,1262,,,
2010-02-04,76.0,78.0,76.0,78.0,7406,,,
2010-02-05,74.2,81.0,74.1,77.65,14604,,,
2010-02-06,81.2,81.25,77.5,78.4,1686,,,
2010-02-08,80.45,82.0,77.65,80.2,5801,,,
2010-02-09,81.0,81.0,78.05,78.05,550,,,
2010-02-10,75.1,76.95,74.8,76.55,111,,,
2010-02-11,76.0,77.95,74.55,77.95,1125,,,
2010-02-15,79.85,80.0,76.3,78.0,465,,,
2010-02-16,75.5,81.0,75.5,80.2,11230,,,
2010-02-17,82.0,84.25,82.0,83.25,4250,,,
2010-02-18,86.0,87.45,84.55,87.45,7726,,,
2010-02-19,91.8,91.85,91.8,91.85,1297,,,
2010-02-22,96.45,96.45,90.0,94.05,60231,,,
2010-02-23,92.0,95.7,89.35,92.6,9798,,,
2010-02-24,88.1,91.9,88.1,89.05,1619,,,
2010-02-25,90.0,91.0,89.0,89.5,1744,,,
2010-02-26,89.0,94.0,87.5,88.6,3267,,,
2010-03-02,88.0,93.05,88.0,93.05,17504,,,
2010-03-03,96.0,96.9,93.25,95.0,1811,,,
2010-03-04,95.95,95.95,91.25,91.9,348,,,
2010-03-05,93.0,93.25,93.0,93.25,284,,,
2010-03-08,97.0,102.6,94.0,102.6,15491,,,
2010-03-09,103.0,112.0,98.0,106.4,38989,,,
2010-03-10,107.0,107.0,105.1,106.65,7040,,,
2010-03-11,102.0,113.5,102.0,107.9,9372,,,
2010-03-12,105.5,109.0,105.0,105.0,3775,,,
2010-03-15,102.25,106.0,100.2,105.95,3137,,,
2010-03-16,105.95,106.0,101.0,106.0,4409,,,
2010-03-17,101.5,114.0,101.5,105.05,8483,,,
2010-03-18,105.05,107.0,105.0,105.0,4310,,,
2010-03-19,98.0,109.0,98.0,105.4,53747,,,
2010-03-22,109.5,109.5,98.0,101.95,1169,,,
2010-03-23,103.25,103.25,98.0,102.0,5298,,,
2010-03-25,101.0,108.0,101.0,104.0,6363,,,
2010-03-26,102.6,105.0,102.6,105.0,425,,,
2010-03-29,108.0,108.8,101.0,101.0,4431,,,
2010-03-30,101.05,101.35,97.5,97.8,2804,,,
2010-03-31,91.0,101.0,91.0,101.0,229,,,
2010-04-01,101.95,101.95,98.8,100.8,2958,,,
2010-04-05,101.2,104.0,98.0,101.25,14605,,,
2010-04-06,102.0,106.5,102.0,103.05,29541,,,
2010-04-07,98.2,104.8,98.2,101.85,4381,,,
2010-04-08,100.1,103.0,100.0,100.4,1341,,,
2010-04-09,100.5,102.45,97.3,100.2,8344,,,
2010-04-12,103.0,103.0,98.6,99.55,762,,,
2010-04-13,99.0,100.45,98.0,99.9,1533,,,
2010-04-15,102.0,102.0,96.5,98.4,7063,,,
2010-04-16,95.85,98.85,94.1,95.65,4952,,,
2010-04-19,99.0,102.0,95.05,99.6,5489,,,
2010-04-20,100.5,103.5,98.65,100.15,15281,,,
2010-04-21,102.85,103.4,100.3,100.9,8253,,,
2010-04-22,103.2,104.8,98.5,100.1,29187,,,
2010-04-23,101.0,102.9,98.45,98.95,3975,,,
2010-04-26,99.25,101.95,99.25,100.05,21290,,,
2010-04-27,103.8,110.1,100.0,110.1,21290,,,
2010-04-28,109.85,121.15,109.85,121.0,183049,,,
2010-04-29,124.1,127.35,117.3,122.3,92530,,,
2010-04-30,122.4,123.0,113.25,115.45,14790,,,
2010-05-03,116.0,121.0,116.0,118.0,4619,,,
2010-05-04,120.0,129.8,119.25,120.8,73808,,,
2010-05-05,117.1,121.45,117.1,120.15,7573,,,
2010-05-06,120.45,125.0,119.0,123.1,11625,,,
2010-05-07,123.0,123.0,112.4,116.25,10548,,,
2010-05-10,118.0,118.1,113.0,115.55,9258,,,
2010-05-11,115.0,115.95,113.1,114.0,6064,,,
2010-05-12,113.0,114.95,111.0,112.0,5461,,,
2010-05-13,114.0,123.85,110.5,115.3,10066,,,
2010-05-14,110.0,119.7,110.0,118.0,837,,,
2010-05-17,112.1,116.75,112.1,116.75,5,,,
2010-05-18,115.0,117.6,115.0,116.7,2512,,,
2010-05-19,116.0,116.0,111.0,112.0,5436,,,
2010-05-20,115.0,115.0,107.0,112.0,882,,,
2010-05-21,108.0,110.0,106.4,108.0,1902,,,
2010-05-24,108.0,108.3,108.0,108.3,885,,,
2010-05-25,104.0,108.0,102.9,102.9,3647,,,
2010-05-26,98.0,102.0,98.0,101.05,642,,,
2010-05-27,97.0,105.9,97.0,103.0,131,,,
2010-05-28,104.75,108.15,104.75,108.05,6989,,,
2010-05-31,111.8,111.8,106.25,109.5,1770,,,
2010-06-01,109.95,110.0,104.05,104.05,1550,,,
2010-06-02,105.0,105.0,105.0,105.0,1,,,
2010-06-03,107.8,110.25,105.05,109.0,4733,,,
2010-06-04,109.0,110.1,109.0,110.1,1654,,,
2010-06-07,105.0,106.0,105.0,105.0,4,,,
2010-06-08,101.3,101.3,101.3,101.3,13,,,
2010-06-09,97.0,105.0,97.0,105.0,60,,,
2010-06-10,100.15,104.0,100.15,104.0,134,,,
2010-06-11,99.0,106.8,99.0,100.05,818,,,
2010-06-14,97.2,105.05,97.2,104.0,367,,,
2010-06-15,99.15,109.15,99.15,108.35,603,,,
2010-06-16,103.5,108.4,103.5,108.4,1023,,,
2010-06-17,106.0,113.85,106.0,112.55,1556,,,
2010-06-18,117.45,117.45,111.05,113.0,1481,,,
2010-06-21,117.0,117.0,111.5,113.5,702,,,
2010-06-22,110.05,112.75,110.05,112.65,3400,,,
2010-06-23,112.5,118.3,110.0,118.3,9477,,,
2010-06-24,124.1,124.25,120.0,120.05,9891,,,
2010-06-25,120.0,123.0,120.0,120.0,3080,,,
2010-06-28,120.0,121.85,118.5,119.4,3961,,,
2010-06-29,116.35,117.3,116.3,117.0,909,,,
2010-06-30,115.0,119.05,115.0,115.55,1861,,,
2010-07-01,115.2,117.0,115.0,116.55,5956,,,
2010-07-02,115.05,117.4,115.0,115.4,2330,,,
2010-07-05,115.1,117.0,115.0,115.0,1129,,,
2010-07-06,115.4,118.0,115.0,117.4,783,,,
2010-07-07,115.05,122.0,115.05,121.55,7830,,,
2010-07-08,122.0,122.0,117.1,117.2,820,,,
2010-07-09,116.3,122.0,116.3,121.0,2508,,,
2010-07-12,121.5,123.0,118.0,118.05,774,,,
2010-07-13,116.05,121.7,116.0,116.1,1731,,,
2010-07-14,113.1,114.0,112.15,112.85,1997,,,
2010-07-15,111.1,114.5,111.1,112.3,1287,,,
2010-07-16,111.3,115.9,111.3,111.4,426,,,
2010-07-19,110.4,114.0,109.1,109.95,1153,,,
2010-07-20,108.0,110.9,108.0,109.25,176,,,
2010-07-21,108.0,116.8,105.55,114.1,6196,,,
2010-07-22,107.1,117.95,107.1,113.05,4921,,,
2010-07-23,108.3,113.0,108.3,110.6,1680,,,
2010-07-26,106.85,109.7,106.85,107.1,327,,,
2010-07-27,106.0,113.85,105.3,107.0,1076,,,
2010-07-28,106.5,108.0,105.55,105.95,444,,,
2010-07-29,105.0,107.7,102.0,104.5,2917,,,
2010-07-30,102.3,108.0,102.3,103.1,1971,,,
2010-08-02,102.4,105.3,102.4,103.2,639,,,
2010-08-03,102.05,106.85,102.05,105.2,2106,,,
2010-08-04,106.0,111.0,105.3,109.9,2955,,,
2010-08-05,112.0,114.7,108.0,108.6,3001,,,
2010-08-06,106.25,110.55,106.25,109.1,1474,,,
2010-08-09,107.05,111.0,107.05,108.65,623,,,
2010-08-10,109.35,112.0,109.35,110.6,583,,,
2010-08-11,114.0,121.4,113.5,116.1,23199,,,
2010-08-12,119.75,120.0,113.4,114.6,15322,,,
2010-08-13,103.6,117.95,103.6,115.55,999,,,
2010-08-16,110.1,116.0,110.1,115.9,2142,,,
2010-08-17,114.5,115.4,113.0,113.0,2558,,,
2010-08-18,109.35,117.95,109.35,116.9,5761,,,
2010-08-19,113.1,115.9,112.35,115.1,6575,,,
2010-08-20,113.5,115.0,112.6,113.85,2343,,,
2010-08-23,108.3,117.95,108.3,114.15,2071,,,
2010-08-24,112.4,113.95,111.3,112.0,2431,,,
2010-08-25,112.3,112.65,106.35,107.9,3368,,,
2010-08-26,102.35,109.7,102.0,106.0,14370,,,
2010-08-27,102.05,109.8,102.05,108.45,1532,,,
2010-08-30,105.15,108.0,104.0,108.0,4102,,,
2010-08-31,105.0,105.0,105.0,105.0,100,,,
2010-09-01,108.4,108.4,106.25,108.4,29,,,
2010-09-02,108.0,118.9,107.2,117.85,3388,,,
2010-09-03,125.0,129.65,118.0,129.65,135516,,,
2010-09-06,133.4,135.9,125.0,125.8,63771,,,
2010-09-07,127.95,148.1,126.0,141.65,545810,,,
2010-09-08,142.2,143.9,134.1,135.6,41733,,,
2010-09-09,135.0,148.0,135.0,139.6,104550,,,
2010-09-13,140.1,142.7,136.5,138.1,21388,,,
2010-09-14,136.1,140.0,131.5,137.2,38104,,,
2010-09-15,134.3,137.4,132.5,133.55,22307,,,
2010-09-16,122.3,136.1,122.3,132.9,8190,,,
2010-09-17,128.0,132.0,128.0,129.9,6748,,,
2010-09-20,130.0,135.0,129.0,134.8,38669,,,
2010-09-21,130.0,134.45,130.0,130.35,3326,,,
2010-09-22,126.25,130.95,126.25,130.75,4829,,,
2010-09-23,126.15,127.2,126.15,127.05,1338,,,
2010-09-24,120.7,133.4,120.7,133.4,7215,,,
2010-09-27,140.1,140.1,133.0,133.0,13119,,,
2010-09-28,131.0,137.0,131.0,135.1,5668,,,
2010-09-29,136.25,136.25,131.05,136.1,2181,,,
2010-09-30,131.0,140.0,131.0,138.05,5571,,,
2010-10-01,139.0,144.9,135.5,142.3,9314,,,
2010-10-04,144.0,147.7,137.35,138.2,4975,,,
2010-10-05,137.5,143.9,137.5,139.7,4762,,,
2010-10-06,135.0,144.0,135.0,142.75,10276,,,
2010-10-07,138.5,144.0,138.5,140.1,11651,,,
2010-10-08,136.0,139.0,136.0,137.0,1409,,,
2010-10-11,130.15,139.95,130.15,137.0,4854,,,
2010-10-12,137.0,139.0,132.35,135.65,2219,,,
2010-10-13,128.95,139.0,128.95,137.0,4356,,,
2010-10-14,134.0,137.15,134.0,136.1,9886,,,
2010-10-15,130.15,136.2,130.15,136.15,1579,,,
2010-10-18,130.0,139.7,130.0,132.2,2203,,,
2010-10-19,130.05,138.8,130.05,135.6,4301,,,
2010-10-20,130.0,138.0,130.0,137.4,1218,,,
2010-10-21,130.6,136.95,130.6,135.3,1507,,,
2010-10-22,128.55,139.6,128.55,132.65,1709,,,
2010-10-25,132.65,137.85,130.1,136.2,995,,,
2010-10-26,137.2,137.6,131.0,131.4,1811,,,
2010-10-27,125.05,137.9,125.05,135.0,725,,,
2010-10-28,139.0,139.0,130.2,131.95,1576,,,
2010-10-29,126.0,133.95,126.0,128.85,2013,,,
2010-11-01,122.45,134.0,122.45,130.05,2915,,,
2010-11-02,124.15,130.0,124.15,126.4,2854,,,
2010-11-03,120.25,132.75,120.25,132.75,4598,,,
2010-11-04,126.25,139.4,126.25,139.4,6891,,,
2010-11-05,146.0,146.4,138.0,144.85,7535,,,
2010-11-08,138.0,146.0,138.0,142.55,4948,,,
2010-11-09,141.5,146.0,136.7,142.0,16729,,,
2010-11-10,136.0,145.0,136.0,140.05,2416,,,
2010-11-11,134.15,145.0,134.15,141.85,9316,,,
2010-11-12,135.25,144.0,135.2,138.15,6032,,,
2010-11-15,131.55,137.9,131.55,136.25,12652,,,
2010-11-16,130.25,138.75,130.1,131.8,2212,,,
2010-11-18,125.3,134.4,125.3,128.4,2199,,,
2010-11-19,122.2,130.2,122.2,126.75,910,,,
2010-11-22,121.0,133.1,121.0,132.0,7512,,,
2010-11-23,125.4,136.7,125.4,128.5,2296,,,
2010-11-24,122.5,130.0,122.5,128.5,3287,,,
2010-11-25,122.5,128.95,122.5,127.25,751,,,
2010-11-26,121.25,124.5,120.9,121.1,1233,,,
2010-11-29,122.0,127.2,115.05,127.2,9081,,,
2010-11-30,121.25,131.95,121.25,130.95,16212,,,
2010-12-01,128.0,133.75,128.0,131.25,1584,,,
2010-12-02,134.9,137.85,131.15,136.85,3115,,,
2010-12-03,135.25,136.0,132.0,134.95,4213,,,
2010-12-06,134.0,135.0,129.05,129.15,15432,,,
2010-12-07,123.2,128.5,123.2,126.55,3454,,,
2010-12-08,122.0,126.7,122.0,123.2,2932,,,
2010-12-09,119.0,123.2,117.25,117.25,34348,,,
2010-12-10,111.4,123.15,111.4,123.0,3064,,,
2010-12-13,122.0,126.85,120.1,125.0,1358,,,
2010-12-14,126.0,129.0,119.0,126.8,971,,,
2010-12-15,129.0,129.9,124.5,125.0,389,,,
2010-12-16,128.85,128.85,122.65,123.0,210,,,
2010-12-20,120.0,128.8,120.0,123.3,516,,,
2010-12-21,126.0,127.9,124.0,125.3,3700,,,
2010-12-22,130.0,130.0,125.35,128.25,353,,,
2010-12-23,125.1,128.0,125.0,128.0,349,,,
2010-12-24,125.5,128.0,125.0,125.0,148,,,
2010-12-27,119.05,131.0,119.05,124.85,5981,,,
2010-12-29,125.2,125.2,125.2,125.2,8,,,
2010-12-30,127.0,127.0,123.15,125.0,21654,,,
2010-12-31,125.2,125.2,121.05,121.45,7232,,,
2011-01-03,119.45,125.95,119.45,122.7,1686,,,
2011-01-04,126.45,128.85,126.45,128.85,3884,,,
2011-01-05,135.3,135.3,130.2,135.3,7073,,,
2011-01-06,142.1,142.1,130.1,131.0,144965,,,
2011-01-07,135.0,139.0,122.2,123.45,6640,,,
2011-01-10,120.1,122.35,119.2,122.0,3999,,,
2011-01-11,122.0,123.3,112.0,118.95,1536,,,
2011-01-12,115.0,125.0,114.0,117.3,881,,,
2011-01-13,112.3,120.7,112.3,117.15,137,,,
2011-01-14,115.0,118.9,115.0,116.1,4667,,,
2011-01-17,113.0,113.0,111.5,111.5,40,,,
2011-01-18,113.55,118.0,113.55,118.0,84,,,
2011-01-19,108.0,118.9,108.0,115.1,1792,,,
2011-01-20,117.6,117.6,115.05,115.05,185,,,
2011-01-21,113.35,116.0,113.35,116.0,135,,,
2011-01-24,114.0,120.8,114.0,117.7,418,,,
2011-01-25,125.0,125.0,114.0,114.0,929,,,
2011-01-27,112.85,120.7,111.5,111.55,919,,,
2011-01-28,110.0,111.0,102.25,102.25,940,,,
2011-01-31,100.0,112.35,98.0,112.35,1407,,,
2011-02-01,106.05,113.0,105.0,105.1,982,,,
2011-02-02,104.0,109.0,104.0,109.0,723,,,
2011-02-03,104.4,111.3,104.4,110.2,434,,,
2011-02-04,111.35,111.35,107.0,108.05,1610,,,
2011-02-07,100.0,107.0,100.0,106.85,5483,,,
2011-02-08,98.0,105.9,98.0,103.0,4977,,,
2011-02-09,95.0,97.05,93.3,95.95,8108,,,
2011-02-10,88.15,92.9,88.15,89.5,5026,,,
2011-02-11,82.4,93.25,82.4,92.6,2567,,,
2011-02-14,91.0,101.0,91.0,98.2,5531,,,
2011-02-15,108.0,108.0,89.15,97.3,1540,,,
2011-02-16,92.0,97.0,92.0,96.75,4172,,,
2011-02-17,88.2,98.0,88.2,95.0,4510,,,
2011-02-18,90.05,99.95,90.05,95.15,1607,,,
2011-02-21,86.55,103.95,86.55,94.55,28,,,
2011-02-22,87.0,96.95,87.0,93.05,8250,,,
2011-02-23,84.0,94.95,84.0,91.3,137,,,
2011-02-24,83.0,94.0,83.0,91.0,845,,,
2011-02-25,84.0,96.0,84.0,92.0,527,,,
2011-02-28,82.85,95.0,82.85,93.3,1268,,,
2011-03-01,84.55,102.65,84.55,97.2,65554,,,
2011-03-03,87.55,103.45,87.55,98.25,83,,,
2011-03-04,98.0,98.1,90.1,94.35,760,,,
2011-03-07,93.0,94.0,93.0,93.1,304,,,
2011-03-08,92.0,94.5,92.0,93.3,354,,,
2011-03-09,100.0,100.0,90.1,92.8,551,,,
2011-03-10,89.0,94.0,89.0,92.6,31,,,
2011-03-11,98.9,98.9,92.0,95.6,140,,,
2011-03-14,84.0,97.95,84.0,94.7,448,,,
2011-03-15,83.0,93.9,83.0,93.9,24,,,
2011-03-16,94.0,94.0,89.7,90.5,255,,,
2011-03-17,80.1,98.45,80.1,90.15,1469,,,
2011-03-18,81.65,91.0,81.65,90.0,40586,,,
2011-03-21,88.6,94.0,88.6,94.0,12,,,
2011-03-22,86.0,97.45,86.0,90.0,886,,,
2011-03-23,81.1,91.0,81.1,90.15,420,,,
2011-03-24,95.5,99.8,94.0,95.3,226,,,
2011-03-25,91.0,98.85,91.0,96.0,32,,,
2011-03-28,96.1,96.1,93.15,93.15,1936,,,
2011-03-29,92.0,94.95,92.0,94.55,1395,,,
2011-03-30,95.0,95.1,92.15,92.9,1613,,,
2011-03-31,91.1,93.15,91.1,93.15,284,,,
2011-04-01,92.1,98.95,92.05,98.25,485,,,
2011-04-04,102.0,104.0,102.0,103.8,415,,,
2011-04-05,102.0,113.0,102.0,110.1,3375,,,
2011-04-06,105.0,115.0,105.0,110.8,6917,,,
2011-04-07,104.5,110.35,104.5,107.0,35182,,,
2011-04-08,102.2,107.0,102.2,105.45,8379,,,
2011-04-11,93.35,107.9,93.35,107.9,132,,,
2011-04-13,104.05,105.5,103.0,104.1,2123,,,
2011-04-15,105.0,108.15,105.0,107.4,23,,,
2011-04-18,108.0,109.65,105.55,106.85,2381,,,
2011-04-19,102.6,108.8,102.6,104.0,168,,,
2011-04-20,100.0,107.95,100.0,107.9,416,,,
2011-04-21,105.3,109.3,105.25,107.95,563,,,
2011-04-25,106.5,107.85,106.5,107.55,265,,,
2011-04-26,112.0,117.0,107.0,111.0,1812,,,
2011-04-27,110.25,125.0,110.25,118.75,74607,,,
2011-04-28,118.0,118.4,112.4,113.75,2595,,,
2011-04-29,115.5,115.5,111.8,112.75,1007,,,
2011-05-02,110.0,112.5,109.5,109.75,3360,,,
2011-05-03,109.5,115.0,109.5,113.75,11356,,,
2011-05-04,109.2,111.95,109.2,111.8,1279,,,
2011-05-05,110.0,113.85,106.0,108.95,706,,,
2011-05-06,106.1,106.1,106.1,106.1,10,,,
2011-05-09,105.05,108.85,105.0,105.2,265,,,
2011-05-10,103.0,103.15,103.0,103.0,63,,,
2011-05-11,102.25,103.0,102.25,103.0,13,,,
2011-05-12,102.7,104.85,101.0,102.0,1309,,,
2011-05-16,96.35,100.2,96.35,100.2,4,,,
2011-05-17,101.1,109.4,100.1,102.85,1727,,,
2011-05-18,101.1,104.0,101.1,103.8,28,,,
2011-05-20,101.75,102.5,101.75,102.5,100,,,
2011-05-24,98.6,107.75,98.6,107.15,338,,,
2011-05-25,102.0,104.0,102.0,104.0,659,,,
2011-05-26,99.25,101.65,99.25,99.95,3061,,,
2011-05-27,109.5,109.5,95.0,96.95,7568,,,
2011-05-30,95.55,98.0,95.55,97.4,2419,,,
2011-05-31,99.0,99.0,94.5,95.2,1075,,,
2011-06-01,95.0,95.0,93.35,93.6,555,,,
2011-06-02,95.0,97.55,95.0,96.35,278,,,
2011-06-03,97.5,97.5,95.0,95.05,254,,,
2011-06-06,92.5,95.9,92.5,95.75,312,,,
2011-06-07,96.0,96.0,95.0,95.05,187,,,
2011-06-08,97.0,100.1,92.95,94.5,2664,,,
2011-06-09,95.0,96.0,94.1,96.0,15,,,
2011-06-10,90.65,96.0,90.65,94.35,551,,,
2011-06-13,93.0,95.95,93.0,95.0,1063,,,
2011-06-14,95.75,95.75,92.25,92.35,1618,,,
2011-06-15,92.0,92.0,88.3,91.25,1400,,,
2011-06-16,89.2,90.3,89.2,90.25,147,,,
2011-06-17,90.45,90.45,89.0,89.0,1160,,,
2011-06-20,86.0,86.5,86.0,86.05,554,,,
2011-06-21,82.05,85.75,82.05,85.6,166,,,
2011-06-22,86.0,86.05,85.0,85.75,1130,,,
2011-06-23,88.9,88.9,86.05,86.1,76,,,
2011-06-27,75.0,92.5,75.0,89.6,265,,,
2011-06-28,90.85,90.85,86.1,88.25,29,,,
2011-06-29,93.0,93.0,86.3,86.35,67,,,
2011-06-30,90.0,91.0,86.05,90.55,933,,,
2011-07-01,87.55,89.05,87.55,89.05,45,,,
2011-07-04,85.6,90.0,85.6,90.0,110,,,
2011-07-05,85.6,95.95,85.6,95.95,134,,,
2011-07-06,91.0,95.0,90.0,91.0,9352,,,
2011-07-07,91.1,97.0,90.8,91.85,1113,,,
2011-07-08,95.0,95.0,91.0,93.0,470,,,
2011-07-11,88.0,90.5,88.0,89.65,2360,,,
2011-07-12,88.05,92.45,88.05,90.0,3708,,,
2011-07-13,89.0,93.0,89.0,91.5,5263,,,
2011-07-14,92.0,92.0,91.5,92.0,240,,,
2011-07-15,90.0,92.4,88.1,91.8,966,,,
2011-07-18,90.1,94.75,90.1,94.75,7525,,,
2011-07-19,91.0,98.0,91.0,98.0,1164,,,
2011-07-20,95.0,95.0,95.0,95.0,50,,,
2011-07-21,91.1,91.5,91.1,91.5,82,,,
2011-07-22,92.3,99.35,92.25,92.25,601,,,
2011-07-25,92.8,95.0,92.25,95.0,331,,,
2011-07-26,94.85,97.85,91.0,91.2,1255,,,
2011-07-27,97.45,99.8,92.2,95.9,49460,,,
2011-07-28,94.05,97.0,92.05,93.0,56318,,,
2011-07-29,91.0,94.0,91.0,93.05,4152,,,
2011-08-01,93.0,95.9,93.0,95.8,576,,,
2011-08-02,82.8,97.9,82.8,93.0,1117,,,
2011-08-03,95.0,95.0,88.7,92.75,148,,,
2011-08-04,94.95,94.95,90.05,91.55,176,,,
2011-08-05,86.0,93.35,85.1,87.5,211,,,
2011-08-08,83.15,94.0,83.15,86.0,102,,,
2011-08-09,93.55,93.6,79.45,82.15,391,,,
2011-08-10,84.5,93.0,81.3,83.5,24307,,,
2011-08-11,82.15,87.0,82.15,85.95,1053,,,
2011-08-12,85.5,89.5,83.4,83.5,752,,,
2011-08-16,88.0,89.85,79.5,79.65,2047,,,
2011-08-17,80.0,80.0,76.0,77.35,674,,,
2011-08-18,81.2,81.2,76.0,77.0,878,,,
2011-08-19,66.55,79.65,66.55,79.0,638,,,
2011-08-22,66.9,75.1,66.9,74.0,880,,,
2011-08-23,76.0,76.0,76.0,76.0,50,,,
2011-08-24,74.1,78.0,74.0,78.0,462,,,
2011-08-25,84.9,93.45,75.05,77.2,604,,,
2011-08-26,75.75,77.75,75.75,77.75,675,,,
2011-08-29,88.35,88.35,77.35,79.05,230,,,
2011-08-30,76.1,81.8,76.1,77.3,151,,,
2011-09-02,76.45,78.95,75.0,76.3,152,,,
2011-09-05,75.1,75.1,75.1,75.1,16,,,
2011-09-06,78.0,78.0,76.05,76.05,150,,,
2011-09-07,83.95,83.95,76.5,83.65,22,,,
2011-09-08,77.0,85.0,77.0,82.2,557,,,
2011-09-12,78.0,84.9,78.0,80.0,130,,,
2011-09-13,82.45,88.35,81.0,81.0,172,,,
2011-09-14,82.0,82.0,80.0,81.0,667,,,
2011-09-15,86.35,86.35,81.3,86.15,26,,,
2011-09-16,87.9,87.9,81.0,81.7,32,,,
2011-09-19,80.0,81.0,80.0,80.6,5373,,,
2011-09-20,80.0,81.0,79.5,81.0,9729,,,
2011-09-21,80.0,84.55,78.05,81.55,12763,,,
2011-09-22,84.0,84.0,80.25,80.5,1319,,,
2011-09-23,78.25,78.65,78.25,78.65,200,,,
2011-09-26,80.0,80.0,76.0,78.0,4435,,,
2011-09-27,77.65,79.5,77.0,77.2,601,,,
2011-09-28,76.6,77.05,76.6,77.05,10,,,
2011-09-29,75.0,79.9,75.0,79.3,1401,,,
2011-09-30,76.9,79.4,75.0,75.15,2751,,,
2011-10-03,78.9,78.9,73.25,73.25,1134,,,
2011-10-04,73.0,73.0,73.0,73.0,133,,,
2011-10-05,74.05,75.0,70.0,72.0,61961,,,
2011-10-10,79.95,79.95,72.05,75.9,240,,,
2011-10-11,74.8,75.45,72.1,75.45,61,,,
2011-10-12,71.35,75.0,71.35,73.5,187,,,
2011-10-13,73.8,78.45,73.5,73.5,150,,,
2011-10-14,74.0,78.65,73.25,73.4,286,,,
2011-10-17,73.65,73.65,70.0,73.45,534,,,
2011-10-18,75.0,75.0,70.1,73.45,239,,,
2011-10-19,72.1,73.0,70.5,70.55,736,,,
2011-10-20,71.0,71.0,70.0,70.1,204,,,
2011-10-24,72.95,72.95,70.0,70.0,517,,,
2011-10-25,70.9,70.9,69.0,69.1,220,,,
2011-10-26,70.05,70.05,70.0,70.0,102,,,
2011-10-28,67.25,70.8,67.1,68.2,342,,,
2011-10-31,70.0,70.0,66.15,66.65,2835,,,
2011-11-01,69.9,69.95,60.6,62.65,38930,,,
2011-11-02,64.2,64.2,64.2,64.2,21,,,
2011-11-03,61.0,63.9,61.0,62.55,245,,,
2011-11-04,69.95,70.0,63.15,64.65,144,,,
2011-11-08,60.45,64.5,60.45,62.05,10,,,
2011-11-11,72.8,72.8,58.4,60.15,1254,,,
2011-11-14,70.0,70.0,58.15,58.45,435,,,
2011-11-15,55.15,57.55,55.15,57.05,45,,,
2011-11-16,50.25,54.3,50.25,54.3,6863,,,
2011-11-17,45.25,57.95,45.25,57.95,230,,,
2011-11-18,48.2,56.0,48.2,56.0,3267,,,
2011-11-21,47.0,64.55,47.0,53.45,725,,,
2011-11-22,48.15,58.25,48.15,56.8,772,,,
2011-11-23,53.1,54.05,53.1,54.05,9,,,
2011-11-24,53.35,59.35,53.35,55.1,156,,,
2011-11-28,59.0,59.0,59.0,59.0,50,,,
2011-11-29,58.5,59.0,58.5,58.95,412,,,
2011-11-30,64.95,64.95,64.95,64.95,1,,,
2011-12-01,57.35,60.05,56.0,59.0,18302,,,
2011-12-02,64.3,64.3,56.65,57.75,1133,,,
2011-12-07,60.0,61.0,57.0,61.0,13,,,
2011-12-08,57.05,59.85,56.1,57.4,686,,,
2011-12-12,57.0,57.55,54.0,55.75,7273,,,
2011-12-13,55.8,56.0,54.05,54.7,6321,,,
2011-12-14,55.9,55.9,53.3,53.7,326,,,
2011-12-15,52.0,54.0,47.7,48.65,273,,,
2011-12-16,52.0,52.6,52.0,52.0,1010,,,
2011-12-19,51.0,51.0,45.4,48.35,395,,,
2011-12-20,48.5,54.5,47.65,47.65,4758,,,
2011-12-21,43.7,48.4,43.7,46.05,547,,,
2011-12-22,41.65,48.0,41.65,45.15,184,,,
2011-12-23,46.05,49.0,45.25,46.25,7348,,,
2011-12-26,44.7,50.85,43.15,46.0,552,,,
2011-12-27,41.2,51.0,41.2,44.6,1157,,,
2011-12-28,41.35,47.0,41.35,44.0,115,,,
2011-12-29,35.3,51.8,35.3,44.1,2530,,,
2011-12-30,36.25,52.55,36.25,47.85,754,,,
2012-01-02,47.5,47.5,47.5,47.5,3,,,
2012-01-03,46.0,51.75,46.0,51.55,4151,,,
2012-01-04,55.0,57.0,47.25,51.05,3900,,,
2012-01-05,58.0,58.0,50.25,50.25,2403,,,
2012-01-06,52.0,52.0,48.35,48.95,161,,,
2012-01-09,53.55,53.55,47.1,47.7,1708,,,
2012-01-10,49.1,50.8,49.1,50.25,7459,,,
2012-01-11,52.0,55.0,49.25,51.95,7319,,,
2012-01-12,55.95,56.2,51.75,53.5,215,,,
2012-01-16,53.0,55.9,50.9,53.55,22892,,,
2012-01-17,55.0,57.35,55.0,57.35,20,,,
2012-01-18,50.0,53.5,50.0,52.9,305,,,
2012-01-19,51.35,54.7,51.0,51.75,822,,,
2012-01-20,50.75,54.0,50.75,52.6,3,,,
2012-01-24,53.0,53.0,51.75,52.0,46,,,
2012-01-25,50.95,51.7,50.95,51.7,10,,,
2012-01-27,53.5,53.5,53.3,53.3,186,,,
2012-01-31,49.3,59.45,49.3,55.5,497,,,
2012-02-01,52.3,66.6,52.3,61.95,1426,,,
2012-02-02,61.95,68.95,60.0,65.6,2197,,,
2012-02-03,60.0,65.45,60.0,61.2,916,,,
2012-02-06,67.0,67.0,60.75,60.75,135,,,
2012-02-07,65.8,65.8,57.0,61.45,939,,,
2012-02-08,61.0,61.0,59.0,59.0,486,,,
2012-02-09,58.2,62.0,58.2,61.95,550,,,
2012-02-10,59.25,59.25,59.25,59.25,55,,,
2012-02-13,58.0,60.0,57.35,57.95,6398,,,
2012-02-14,58.0,58.0,53.5,55.65,1764,,,
2012-02-15,58.0,58.0,53.55,54.15,584,,,
2012-02-16,58.9,58.9,54.4,54.6,103,,,
2012-02-17,56.0,57.7,53.9,57.7,176,,,
2012-02-21,56.7,56.7,48.55,54.7,1126,,,
2012-02-22,54.05,55.0,54.05,55.0,51,,,
2012-02-23,54.5,54.5,52.6,53.55,3,,,
2012-02-24,51.6,54.9,51.6,53.0,700,,,
2012-02-27,51.6,51.9,51.35,51.5,62,,,
2012-02-28,50.2,53.7,50.2,52.9,433,,,
2012-02-29,52.35,54.0,52.3,52.55,153,,,
2012-03-01,52.0,54.8,52.0,54.8,365,,,
2012-03-02,53.5,55.95,53.5,54.05,698,,,
2012-03-05,51.7,56.9,51.7,56.0,171,,,
2012-03-06,54.3,56.0,51.5,51.65,1463,,,
2012-03-07,51.55,51.55,51.55,51.55,13,,,
2012-03-09,51.2,51.2,51.2,51.2,50,,,
2012-03-12,51.1,51.1,51.1,51.1,500,,,
2012-03-13,49.0,54.7,48.0,53.6,917,,,
2012-03-14,48.05,53.9,48.05,52.95,1350,,,
2012-03-15,54.0,56.5,50.5,51.55,342,,,
2012-03-16,50.5,55.7,49.6,49.65,1106,,,
2012-03-20,51.1,51.9,51.0,51.0,50,,,
2012-03-21,48.95,54.45,48.95,54.45,396,,,
2012-03-22,53.45,53.6,50.0,50.0,360,,,
2012-03-23,50.0,53.7,48.8,48.8,100,,,
2012-03-26,50.0,50.0,47.75,47.85,782,,,
2012-03-27,45.1,52.8,45.1,50.6,401,,,
2012-03-28,47.2,47.8,47.2,47.75,620,,,
2012-03-29,45.0,45.0,44.15,44.15,51,,,
2012-03-30,51.75,51.75,51.5,51.5,11,,,
2012-04-02,48.75,49.0,48.75,49.0,541,,,
2012-04-03,47.5,50.6,47.5,49.0,1174,,,
2012-04-04,51.4,51.4,50.0,50.0,32,,,
2012-04-09,49.95,50.95,48.65,50.8,70,,,
2012-04-10,48.0,51.7,48.0,51.7,133,,,
2012-04-11,48.25,51.35,48.0,48.4,1276,,,
2012-04-12,48.0,48.0,48.0,48.0,68,,,
2012-04-13,49.05,49.05,49.05,49.05,25,,,
2012-04-16,50.0,53.2,49.3,49.3,174,,,
2012-04-17,49.3,49.3,49.3,49.3,500,,,
2012-04-23,49.25,50.0,49.25,49.85,163,,,
2012-04-26,50.05,50.05,50.0,50.0,600,,,
2012-04-27,48.05,51.9,48.0,48.75,2058,,,
2012-04-30,49.5,49.5,49.5,49.5,100,,,
2012-05-02,48.6,48.6,48.6,48.6,33,,,
2012-05-04,48.05,48.05,48.0,48.0,461,,,
2012-05-08,48.05,48.05,48.05,48.05,4,,,
2012-05-09,49.0,49.0,49.0,49.0,109,,,
2012-05-10,49.0,49.05,49.0,49.05,618,,,
2012-05-14,49.05,49.05,49.05,49.05,420,,,
2012-05-15,46.0,48.0,45.35,47.15,159,,,
2012-05-16,44.7,53.8,44.7,53.15,149,,,
2012-05-17,48.0,48.05,48.0,48.0,174,,,
2012-05-21,46.05,48.5,46.05,48.5,141,,,
2012-05-22,52.0,52.0,49.15,49.15,168,,,
2012-05-23,46.15,46.25,46.15,46.25,91,,,
2012-05-24,47.2,52.75,47.2,47.35,94,,,
2012-05-25,49.0,49.5,49.0,49.5,1220,,,
2012-05-28,51.65,57.0,51.65,55.4,2146,,,
2012-05-29,53.75,55.7,53.75,55.65,971,,,
2012-05-30,60.0,60.0,52.45,57.0,612,,,
2012-05-31,57.0,57.0,57.0,57.0,164,,,
2012-06-01,54.5,59.25,54.5,55.7,856,,,
2012-06-04,52.9,54.0,52.9,53.55,345,,,
2012-06-05,56.95,56.95,52.0,54.85,2316,,,
2012-06-06,58.0,59.0,54.0,57.0,168,,,
2012-06-07,50.3,59.85,50.3,57.5,1378,,,
2012-06-08,62.0,62.0,54.0,58.1,421,,,
2012-06-11,57.0,58.5,57.0,57.95,689,,,
2012-06-13,58.9,61.5,58.9,59.5,757,,,
2012-06-14,61.25,65.7,60.1,60.1,805,,,
2012-06-15,62.4,65.7,60.0,63.6,3221,,,
2012-06-18,69.0,73.0,64.0,64.75,2673,,,
2012-06-19,69.0,72.95,63.0,63.95,2074,,,
2012-06-20,65.7,65.7,62.55,62.55,150,,,
2012-06-21,66.5,72.95,63.2,71.8,11028,,,
2012-06-22,71.0,76.9,71.0,72.1,7007,,,
2012-06-25,74.75,77.0,72.15,72.2,6835,,,
2012-06-26,73.15,76.8,71.75,71.75,1935,,,
2012-06-27,74.6,74.6,72.05,72.3,756,,,
2012-06-28,72.0,75.0,71.5,72.4,1885,,,
2012-06-29,72.4,76.95,72.4,75.65,3633,,,
2012-07-02,70.5,76.7,70.5,76.45,12645,,,
2012-07-04,75.5,78.7,75.5,75.65,4522,,,
2012-07-05,75.6,76.0,75.6,75.65,1284,,,
2012-07-06,75.5,75.5,72.0,72.75,2323,,,
2012-07-09,73.0,75.75,73.0,75.45,893,,,
2012-07-10,73.1,76.0,73.1,74.1,430,,,
2012-07-11,75.0,75.0,75.0,75.0,500,,,
2012-07-12,75.0,77.5,73.45,73.45,732,,,
2012-07-13,76.75,81.1,75.0,80.05,3392,,,
2012-07-16,79.0,81.0,79.0,80.0,165,,,
2012-07-17,76.1,80.45,76.1,80.45,29,,,
2012-07-18,76.0,76.0,76.0,76.0,250,,,
2012-07-19,80.0,80.0,75.3,79.0,429,,,
2012-07-20,83.75,83.75,76.25,76.5,720,,,
2012-07-23,76.0,81.55,75.95,76.15,2453,,,
2012-07-24,79.0,80.5,79.0,80.5,1218,,,
2012-07-26,76.1,83.95,76.1,83.95,56,,,
2012-07-27,80.0,85.0,80.0,84.5,530,,,
2012-07-30,80.5,80.5,77.05,77.2,199,,,
2012-07-31,79.9,82.9,78.0,80.0,765,,,
2012-08-01,82.0,84.9,78.4,80.0,624,,,
2012-08-02,77.05,86.75,77.05,78.1,401,,,
2012-08-03,83.9,83.9,78.8,83.4,427,,,
2012-08-06,78.4,82.65,74.4,82.0,17006,,,
2012-08-07,84.7,84.7,79.5,80.0,541,,,
2012-08-09,81.4,81.4,74.15,74.5,519,,,
2012-08-14,72.0,72.15,72.0,72.1,781,,,
2012-08-16,76.75,76.75,72.0,73.7,462,,,
2012-08-17,69.0,70.75,68.1,70.55,996,,,
2012-08-21,68.1,71.0,68.0,68.15,820,,,
2012-08-22,64.1,70.0,63.7,69.95,30870,,,
2012-08-23,67.15,70.0,67.0,69.0,1066,,,
2012-08-24,68.0,69.0,68.0,68.0,1783,,,
2012-08-27,70.0,70.0,67.85,67.9,244,,,
2012-08-29,71.0,71.0,65.4,68.1,2376,,,
2012-09-03,72.95,72.95,72.95,72.95,10,,,
2012-09-04,68.25,71.3,68.25,69.75,200,,,
2012-09-06,66.0,69.0,66.0,69.0,2,,,
2012-09-07,66.0,70.5,66.0,67.0,714,,,
2012-09-08,65.0,69.85,65.0,69.85,200,,,
2012-09-10,67.35,69.85,67.3,67.3,166,,,
2012-09-11,66.15,66.15,66.15,66.15,41,,,
2012-09-12,74.0,74.0,67.25,69.45,1413,,,
2012-09-13,67.05,70.7,67.05,70.0,205,,,
2012-09-14,66.85,70.45,66.85,67.95,910,,,
2012-09-17,60.55,69.35,60.55,67.0,1385,,,
2012-09-18,66.0,69.0,66.0,67.0,921,,,
2012-09-20,66.25,70.05,66.25,69.7,338,,,
2012-09-21,66.45,70.5,66.45,68.4,1751,,,
2012-09-24,65.75,71.95,65.0,69.95,220,,,
2012-09-25,69.0,70.0,69.0,70.0,1010,,,
2012-09-26,66.1,70.95,66.1,70.0,338,,,
2012-09-27,67.65,71.8,67.65,71.8,242,,,
2012-09-28,69.1,70.0,69.1,70.0,103,,,
2012-10-01,63.75,71.0,63.75,70.85,1331,,,
2012-10-03,68.3,71.95,68.3,71.1,561,,,
2012-10-04,72.0,74.15,70.3,71.7,986,,,
2012-10-05,68.25,74.0,68.25,69.7,1650,,,
2012-10-08,68.85,73.75,68.85,70.0,298,,,
2012-10-09,69.5,70.0,68.1,70.0,2797,,,
2012-10-10,67.75,70.75,65.3,69.95,701,,,
2012-10-11,69.0,72.7,69.0,71.95,506,,,
2012-10-12,68.55,68.55,68.55,68.55,208,,,
2012-10-15,69.65,72.8,69.65,70.05,230,,,
2012-10-16,69.1,72.0,69.1,69.75,376,,,
2012-10-17,67.1,73.0,67.1,69.6,592,,,
2012-10-18,68.2,68.7,68.2,68.7,18,,,
2012-10-19,68.25,71.4,68.2,68.45,941,,,
2012-10-22,72.4,72.4,68.55,69.85,446,,,
2012-10-25,67.45,71.0,67.4,67.95,1691,,,
2012-10-26,67.05,72.8,67.05,72.1,915,,,
2012-10-29,74.15,77.0,73.45,75.1,1984,,,
2012-10-30,73.65,73.65,73.05,73.05,301,,,
2012-10-31,75.0,76.75,73.5,76.45,375,,,
2012-11-01,74.05,74.05,71.45,72.75,876,,,
2012-11-02,72.0,73.5,70.4,70.75,225,,,
2012-11-05,68.15,71.0,68.15,69.4,392,,,
2012-11-06,67.5,68.1,65.75,68.0,468,,,
2012-11-07,69.1,73.85,68.05,69.8,399,,,
2012-11-08,68.3,70.95,68.05,68.05,1263,,,
2012-11-09,66.6,70.0,65.0,65.0,1679,,,
2012-11-12,61.55,65.0,61.55,64.95,343,,,
2012-11-15,62.5,65.0,62.5,65.0,2924,,,
2012-11-16,63.6,67.4,63.3,64.2,698,,,
2012-11-19,62.2,62.9,62.2,62.9,351,,,
2012-11-20,62.7,62.7,62.35,62.35,4,,,
2012-11-21,67.0,67.0,63.25,64.5,400,,,
2012-11-22,60.15,64.0,60.0,61.95,12671,,,
2012-11-23,61.15,62.05,61.15,61.4,591,,,
2012-11-26,61.95,61.95,59.7,59.85,44,,,
2012-11-27,60.0,60.0,57.5,60.0,828,,,
2012-11-29,64.25,64.25,60.0,61.3,69,,,
2012-11-30,60.8,60.8,60.8,60.8,125,,,
2012-12-03,59.0,62.95,59.0,61.75,224,,,
2012-12-04,60.9,60.9,60.9,60.9,66,,,
2012-12-05,60.9,65.45,60.9,61.2,948,,,
2012-12-06,61.0,61.95,60.0,60.0,1271,,,
2012-12-07,62.0,62.0,61.9,61.95,120,,,
2012-12-10,64.95,64.95,61.25,62.2,1231,,,
2012-12-11,62.95,62.95,60.15,62.0,212,,,
2012-12-12,61.95,62.0,61.95,62.0,700,,,
2012-12-13,62.0,62.0,59.3,60.45,578,,,
2012-12-14,57.35,59.05,57.35,59.0,300,,,
2012-12-17,59.65,60.0,59.05,59.05,643,,,
2012-12-18,58.25,60.5,58.25,59.0,1148,,,
2012-12-19,59.5,59.5,59.5,59.5,100,,,
2012-12-20,59.5,60.5,56.05,59.0,388,,,
2012-12-21,59.0,59.5,58.05,59.5,183,,,
2012-12-24,57.0,57.05,56.0,56.8,1003,,,
2012-12-26,57.0,57.15,51.3,54.0,1802,,,
2012-12-27,54.05,54.05,53.2,53.2,88,,,
2012-12-28,59.7,59.7,52.35,52.35,1160,,,
2012-12-31,52.55,55.9,52.55,55.9,52,,,
2013-01-01,53.5,55.9,53.5,53.65,526,,,
2013-01-02,57.4,57.8,55.0,55.95,3074,,,
2013-01-03,58.95,58.95,54.0,55.4,1164,,,
2013-01-04,58.95,58.95,53.8,54.45,536,,,
2013-01-07,53.0,54.0,51.5,52.7,820,,,
2013-01-09,52.75,52.75,52.15,52.4,250,,,
2013-01-10,52.7,53.0,52.7,52.7,387,,,
2013-01-11,53.0,56.4,52.0,54.9,2761,,,
2013-01-14,59.2,59.9,55.0,55.5,3526,,,
2013-01-15,60.4,60.4,56.4,58.0,3458,,,
2013-01-16,64.0,66.8,56.0,58.3,2046,,,
2013-01-17,57.05,57.05,56.65,56.65,90,,,
2013-01-18,56.5,57.0,54.8,57.0,1138,,,
2013-01-21,55.65,56.0,53.1,54.8,1155,,,
2013-01-22,54.3,54.3,50.1,51.65,1531,,,
2013-01-23,53.35,54.25,52.25,53.95,4129,,,
2013-01-24,46.3,54.05,46.3,52.8,148308,,,
2013-01-25,52.7,55.0,52.3,55.0,137,,,
2013-01-28,54.0,54.0,51.05,51.65,431,,,
2013-01-29,51.5,51.5,50.45,50.45,152,,,
2013-01-30,51.0,52.05,51.0,52.0,187,,,
2013-01-31,55.85,55.85,50.6,50.6,84,,,
2013-02-01,50.55,50.55,50.1,50.25,255,,,
2013-02-04,50.2,53.6,50.15,50.4,716,,,
2013-02-05,48.75,50.95,48.75,50.95,11,,,
2013-02-06,50.0,50.0,49.0,49.05,218,,,
2013-02-07,48.15,49.5,48.15,48.6,169,,,
2013-02-08,53.9,53.9,51.05,51.05,3,,,
2013-02-11,51.6,56.8,51.6,52.7,2185,,,
2013-02-12,48.0,55.9,48.0,51.0,2434,,,
2013-02-13,52.1,52.1,50.15,50.15,111,,,
2013-02-14,48.05,50.0,48.05,50.0,1218,,,
2013-02-15,42.6,56.6,42.6,48.05,2079,,,
2013-02-18,49.9,50.5,49.05,50.0,2179,,,
2013-02-20,49.05,49.3,49.05,49.3,381,,,
2013-02-21,49.75,49.75,49.55,49.55,100,,,
2013-02-22,49.75,52.85,49.5,52.1,100,,,
2013-02-25,51.0,51.0,50.0,50.0,383,,,
2013-02-26,55.0,55.0,48.0,49.0,15042,,,
2013-02-27,49.1,49.1,49.0,49.0,512,,,
2013-02-28,49.5,50.5,46.0,49.8,2864,,,
2013-03-04,46.0,46.0,46.0,46.0,25000,,,
2013-03-06,48.8,48.8,48.8,48.8,40,,,
2013-03-07,47.55,47.55,47.55,47.55,20,,,
2013-03-08,48.75,48.75,48.0,48.0,724,,,
2013-03-11,48.0,48.8,48.0,48.05,9457,,,
2013-03-12,51.75,51.85,48.5,51.85,27,,,
2013-03-13,47.45,47.45,47.45,47.45,60,,,
2013-03-14,47.5,48.0,47.5,47.7,382,,,
2013-03-15,46.65,46.8,43.0,44.45,3433,,,
2013-03-18,46.0,46.0,37.5,44.85,735882,,,
2013-03-20,45.0,45.0,43.0,43.0,1183,,,
2013-03-21,42.95,44.5,41.0,42.9,510,,,
2013-03-22,43.0,43.0,42.9,42.9,1535,,,
2013-03-26,43.0,43.0,43.0,43.0,500,,,
2013-03-28,41.0,45.9,40.0,40.65,86,,,
2013-04-02,41.0,41.0,40.4,40.4,10,,,
2013-04-03,46.25,46.3,43.5,44.45,642,,,
2013-04-04,47.25,47.25,43.3,45.25,200,,,
2013-04-05,48.0,48.5,45.35,45.35,367,,,
2013-04-09,45.05,46.95,45.0,45.0,303,,,
2013-04-10,45.0,45.0,43.0,43.0,203,,,
2013-04-11,43.8,48.4,43.8,45.5,778,,,
2013-04-12,47.95,47.95,44.0,46.15,461,,,
2013-04-15,44.0,44.1,44.0,44.05,126,,,
2013-04-16,44.05,46.3,44.05,44.05,46,,,
2013-04-17,44.05,44.05,44.05,44.05,12,,,
2013-04-18,46.95,47.0,44.3,45.5,3542,,,
2013-04-22,53.9,53.9,46.8,46.8,654,,,
2013-04-23,46.0,48.15,46.0,47.5,2766,,,
2013-04-25,48.0,54.9,48.0,52.35,9945,,,
2013-04-29,52.0,52.0,48.3,49.05,766,,,
2013-04-30,50.0,51.1,49.95,50.2,302,,,
2013-05-02,49.15,50.1,47.9,47.9,209,,,
2013-05-03,49.0,49.9,47.5,49.9,22,,,
2013-05-06,47.15,50.0,47.15,49.95,235,,,
2013-05-07,49.95,51.0,45.3,50.8,1468,,,
2013-05-08,50.0,50.0,50.0,50.0,933,,,
2013-05-09,47.9,50.0,47.9,49.95,104,,,
2013-05-10,48.25,48.25,48.25,48.25,50,,,
2013-05-13,56.0,56.0,48.15,48.2,169,,,
2013-05-14,57.0,57.0,43.5,46.9,195,,,
2013-05-15,44.05,53.0,44.05,45.15,2350,,,
2013-05-16,45.2,47.6,45.0,47.6,52,,,
2013-05-17,44.0,45.5,44.0,45.0,337,,,
2013-05-21,44.95,44.95,44.95,44.95,50,,,
2013-05-22,50.0,50.0,44.5,47.0,14,,,
2013-05-24,41.5,46.9,41.5,44.6,278,,,
2013-05-27,43.3,43.3,43.3,43.3,83,,,
2013-05-28,45.0,45.0,44.45,44.45,83,,,
2013-05-30,43.5,43.5,42.15,42.9,4,,,
2013-05-31,46.05,51.45,46.0,51.45,12320,,,
2013-06-03,61.65,61.7,54.1,59.2,13309,,,
2013-06-04,59.0,61.6,56.05,60.1,3627,,,
2013-06-05,60.0,60.5,56.7,59.9,3896,,,
2013-06-06,57.55,60.0,56.9,57.2,1815,,,
2013-06-07,58.05,61.0,56.0,60.2,2393,,,
2013-06-10,61.9,65.6,59.05,61.85,855,,,
2013-06-11,64.0,64.0,58.75,62.4,210,,,
2013-06-12,54.0,64.0,54.0,58.0,507,,,
2013-06-13,52.1,64.0,52.1,63.25,1868,,,
2013-06-14,64.9,65.8,63.05,64.65,5934,,,
2013-06-17,65.0,66.35,65.0,66.35,665,,,
2013-06-18,65.15,67.6,65.0,65.9,3317,,,
2013-06-19,54.1,68.5,54.1,67.1,3500,,,
2013-06-20,55.6,68.25,55.6,67.45,3703,,,
2013-06-21,67.45,70.8,67.45,70.75,5824,,,
2013-06-24,67.3,68.1,67.3,68.05,384,,,
2013-06-25,65.5,65.5,65.5,65.5,256,,,
2013-06-26,67.0,67.0,67.0,67.0,130,,,
2013-06-27,65.25,68.7,65.25,68.7,345,,,
2013-06-28,69.5,72.1,69.0,71.6,3700,,,
2013-07-01,71.6,74.4,68.25,70.35,770,,,
2013-07-02,73.85,73.85,71.7,73.75,2280,,,
2013-07-03,75.0,75.2,70.3,70.5,620,,,
2013-07-04,71.6,72.55,71.5,72.55,150,,,
2013-07-05,71.05,71.35,71.05,71.35,165,,,
2013-07-10,71.35,71.35,71.35,71.35,50,,,
2013-07-11,71.6,71.6,71.5,71.5,590,,,
2013-07-12,69.6,71.5,69.6,71.5,200,,,
2013-07-16,71.5,71.5,71.5,71.5,100,,,
2013-07-17,73.8,73.8,71.4,71.4,600,,,
2013-07-18,71.5,71.5,71.5,71.5,635,,,
2013-07-19,70.0,70.0,70.0,70.0,41,,,
2013-07-23,70.5,71.5,70.5,71.5,583,,,
2013-07-24,71.4,72.0,71.4,72.0,120,,,
2013-07-25,72.0,72.0,72.0,72.0,180,,,
2013-07-31,68.5,68.5,68.5,68.5,110,,,
2013-08-01,66.7,68.0,66.7,68.0,297,,,
2013-08-06,71.25,71.25,71.25,71.25,100,,,
2013-08-07,70.85,74.8,70.85,74.8,2726,,,
2013-08-08,78.5,78.5,78.5,78.5,1507,,,
2013-08-12,82.4,82.4,82.4,82.4,500,,,
2013-08-13,86.0,86.0,86.0,86.0,5,,,
2013-08-14,84.85,84.85,84.85,84.85,300,,,
2013-08-16,85.0,85.4,84.5,85.4,3290,,,
2013-08-20,85.0,85.0,83.1,83.1,500,,,
2013-08-21,82.95,82.95,79.0,79.0,1001,,,
2013-08-22,78.5,78.5,78.5,78.5,97,,,
2013-08-23,78.55,82.0,78.55,82.0,1280,,,
2013-08-26,82.0,82.0,82.0,82.0,1975,,,
2013-08-28,86.0,86.0,86.0,86.0,2,,,
2013-09-02,84.0,84.0,84.0,84.0,19,,,
2013-09-04,87.0,88.15,87.0,88.15,310,,,
2013-09-05,85.3,85.3,85.3,85.3,50,,,
2013-09-10,81.05,81.05,81.05,81.05,1,,,
2013-09-12,84.0,84.0,84.0,84.0,4190,,,
2013-09-23,83.95,83.95,81.4,81.4,2400,,,
2013-09-25,80.0,80.0,80.0,80.0,300,,,
2013-09-27,75.55,80.0,75.55,80.0,20,,,
2013-10-04,85.0,85.0,78.0,78.0,120,,,
2013-10-08,85.8,85.8,85.8,85.8,966,,,
2013-10-09,92.9,92.9,90.0,90.0,20,,,
2013-10-10,90.0,92.0,90.0,92.0,1595,,,
2013-10-11,92.0,92.0,92.0,92.0,599,,,
2013-10-14,90.0,90.25,90.0,90.25,385,,,
2013-10-15,90.0,90.0,90.0,90.0,150,,,
2013-10-17,90.0,94.9,90.0,92.75,1738,,,
2013-10-18,91.0,92.75,91.0,92.75,638,,,
2013-10-21,93.1,95.25,93.1,95.25,54,,,
2013-10-22,96.25,98.0,96.25,98.0,506,,,
2013-10-23,96.0,100.0,96.0,98.0,470,,,
2013-10-24,107.8,107.8,107.8,107.8,1157,,,
2013-10-25,118.55,118.55,118.55,118.55,3844,,,
2013-10-28,124.45,124.45,124.45,124.45,1657,,,
2013-10-29,130.65,130.65,130.65,130.65,600,,,
2013-10-30,137.15,137.15,137.15,137.15,175,,,
2013-10-31,144.0,144.0,135.05,135.05,28278,,,
2013-11-01,128.65,132.0,128.65,132.0,1086,,,
2013-11-03,136.9,136.9,136.9,136.9,25,,,
2013-11-05,137.5,137.5,131.0,133.9,362,,,
2013-11-06,129.0,129.0,129.0,129.0,11,,,
2013-11-07,129.0,130.0,129.0,130.0,219,,,
2013-11-08,131.0,132.0,130.0,130.0,489,,,
2013-11-11,131.0,131.0,130.0,130.0,761,,,
2013-11-12,130.0,130.0,129.0,129.0,266,,,
2013-11-13,129.0,134.0,125.5,130.05,459,,,
2013-11-14,129.95,129.95,129.95,129.95,100,,,
2013-11-18,135.95,135.95,130.05,130.05,538,,,
2013-11-19,136.55,136.55,136.55,136.55,2520,,,
2013-11-20,143.35,143.35,137.2,137.2,433,,,
2013-11-25,134.05,134.2,134.05,134.2,200,,,
2013-11-26,130.0,130.0,130.0,130.0,50,,,
2013-11-28,132.6,132.6,132.0,132.0,50,,,
2013-12-03,134.0,135.0,134.0,135.0,725,,,
2013-12-05,136.05,136.05,135.0,135.0,1849,,,
2013-12-06,134.95,135.05,134.9,135.05,643,,,
2013-12-09,135.0,135.0,135.0,135.0,141,,,
2013-12-10,135.0,135.75,135.0,135.0,1600,,,
2013-12-11,135.0,135.0,135.0,135.0,100,,,
2013-12-12,130.5,135.0,130.5,135.0,1258,,,
2013-12-16,128.5,128.5,128.5,128.5,11,,,
2013-12-17,128.5,129.0,128.5,128.5,8790,,,
2013-12-18,131.9,131.9,131.9,131.9,1,,,
2013-12-20,126.2,129.85,126.2,129.85,292,,,
2013-12-23,136.0,136.0,136.0,136.0,1,,,
2013-12-26,134.0,141.85,131.5,138.0,54,,,
2013-12-27,131.55,131.55,131.55,131.55,1008,,,
2013-12-31,137.8,137.8,136.0,136.0,1170,,,
2014-01-01,141.0,141.0,141.0,141.0,1,,,
2014-01-03,134.0,139.0,134.0,139.0,311,,,
2014-01-06,138.0,140.0,135.05,140.0,309,,,
2014-01-07,141.5,142.25,140.0,140.0,9480,,,
2014-01-08,141.15,142.5,141.0,142.5,6008,,,
2014-01-09,146.0,149.6,146.0,149.6,1995,,,
2014-01-10,155.0,157.05,155.0,157.05,264,,,
2014-01-13,153.25,160.0,153.25,155.25,742,,,
2014-01-14,156.0,156.0,149.5,151.5,155,,,
2014-01-15,148.6,153.95,148.0,151.85,1117,,,
2014-01-16,144.35,149.0,144.35,149.0,635,,,
2014-01-17,141.55,142.25,141.55,141.8,350,,,
2014-01-20,145.8,145.8,145.8,145.8,1,,,
2014-01-21,145.8,146.0,139.1,143.0,152,,,
2014-01-22,146.1,146.1,140.05,142.05,118,,,
2014-01-23,140.0,146.8,140.0,143.3,957,,,
2014-01-24,145.95,149.0,136.15,137.45,6338,,,
2014-01-27,131.55,144.1,131.55,134.55,962,,,
2014-01-28,134.55,139.0,134.55,134.75,22,,,
2014-01-29,141.45,141.45,141.45,141.45,122,,,
2014-01-30,148.5,148.5,148.5,148.5,158,,,
2014-01-31,155.9,155.9,155.9,155.9,814,,,
2014-02-03,163.65,163.65,163.65,163.65,391,,,
2014-02-04,171.8,171.8,156.0,157.0,2297,,,
2014-02-05,164.85,164.85,161.35,164.85,3601,,,
2014-02-06,168.0,168.0,156.6,162.0,3862,,,
2014-02-07,155.0,160.0,154.5,160.0,1538,,,
2014-02-10,165.0,165.8,155.0,155.0,1647,,,
2014-02-11,156.25,158.0,155.0,155.0,1053,,,
2014-02-12,156.0,156.0,155.25,156.0,1460,,,
2014-02-13,156.0,156.0,148.25,148.5,2454,,,
2014-02-14,145.0,150.5,143.0,148.55,1979,,,
2014-02-17,149.0,155.0,148.0,155.0,6006,,,
2014-02-18,160.0,162.75,158.05,160.2,4875,,,
2014-02-19,160.2,160.2,160.0,160.0,62,,,
2014-02-20,160.6,168.0,160.6,168.0,97790,,,
2014-02-21,173.5,176.4,173.0,176.4,4871,,,
2014-02-24,185.2,185.2,176.75,179.5,8873,,,
2014-02-25,183.3,184.9,178.6,180.0,2695,,,
2014-02-26,183.0,185.0,183.0,184.9,1150,,,
2014-02-28,180.0,185.0,180.0,180.05,1637,,,
2014-03-03,184.8,184.85,175.7,181.95,1439,,,
2014-03-04,179.0,182.95,176.7,177.7,473,,,
2014-03-05,173.15,173.15,168.85,168.85,5809,,,
2014-03-06,161.2,171.0,161.2,164.9,22270,,,
2014-03-07,163.2,170.0,159.0,160.0,10201,,,
2014-03-10,160.0,175.0,160.0,170.6,11293,,,
2014-03-11,168.0,170.0,166.0,169.95,2007,,,
2014-03-12,170.0,170.05,165.0,169.75,1637,,,
2014-03-13,165.15,167.7,165.15,166.65,353,,,
2014-03-14,164.1,167.0,162.25,165.2,2592,,,
2014-03-18,165.05,166.0,162.0,166.0,1144,,,
2014-03-19,169.95,181.95,166.5,180.4,16162,,,
2014-03-20,175.0,179.0,174.1,175.1,1391,,,
2014-03-21,180.0,180.0,172.05,176.0,1840,,,
2014-03-22,179.0,179.0,174.0,177.95,1300,,,
2014-03-24,178.0,189.0,176.0,186.15,13766,,,
2014-03-25,186.1,188.8,180.1,183.35,7678,,,
2014-03-26,185.0,197.8,176.2,190.8,24994,,,
2014-03-27,185.2,193.0,185.2,190.6,1833,,,
2014-03-28,191.0,204.8,186.15,192.95,16853,,,
2014-03-31,186.1,195.0,182.0,186.5,30838,,,
2014-04-01,188.0,190.0,182.9,186.75,828,,,
2014-04-02,188.5,192.95,188.5,189.8,958,,,
2014-04-03,201.95,201.95,184.0,192.5,26537,,,
2014-04-04,197.5,199.1,183.25,196.0,7595,,,
2014-04-07,200.0,200.0,192.0,192.8,2382,,,
2014-04-09,192.05,195.0,190.0,191.0,4928,,,
2014-04-10,194.0,195.0,188.1,192.4,5185,,,
2014-04-11,190.0,196.0,190.0,194.0,9773,,,
2014-04-15,190.3,192.3,188.35,189.15,1529,,,
2014-04-16,187.25,189.6,180.25,185.0,3985,,,
2014-04-17,185.0,188.95,180.0,186.1,3399,,,
2014-04-21,189.1,204.7,188.0,203.45,17223,,,
2014-04-22,202.0,207.0,197.75,199.95,4218,,,
2014-04-23,198.0,198.0,194.0,195.0,2368,,,
2014-04-25,193.0,204.0,190.1,198.65,4259,,,
2014-04-28,199.0,199.95,194.25,196.55,2858,,,
2014-04-29,197.0,212.0,195.0,204.5,5629,,,
2014-04-30,205.0,205.0,187.65,190.85,8294,,,
2014-05-02,195.0,201.7,191.5,196.9,1687,,,
2014-05-05,195.0,204.2,195.0,198.55,3780,,,
2014-05-06,191.6,202.0,191.6,197.4,13825,,,
2014-05-07,198.5,206.2,193.85,197.9,23898,,,
2014-05-08,195.1,203.35,195.1,198.7,8628,,,
2014-05-09,196.55,203.0,195.0,196.0,21046,,,
2014-05-12,197.3,199.9,193.0,195.7,6139,,,
2014-05-13,195.45,197.6,187.0,191.9,2600,,,
2014-05-14,190.0,196.0,183.7,187.1,5980,,,
2014-05-15,184.0,186.25,182.1,182.95,3867,,,
2014-05-16,183.0,184.95,174.0,175.55,17838,,,
2014-05-19,180.0,210.65,178.55,210.65,15133,,,
2014-05-20,223.0,235.0,209.9,229.0,23283,,,
2014-05-21,235.0,253.0,225.0,234.95,32413,,,
2014-05-22,240.0,247.8,236.75,238.25,14423,,,
2014-05-23,244.0,244.0,225.5,229.7,4289,,,
2014-05-26,230.0,254.45,228.0,235.3,23092,,,
2014-05-27,236.0,255.0,236.0,247.3,12885,,,
2014-05-28,254.9,254.9,233.2,235.25,5042,,,
2014-05-29,245.0,245.0,231.0,231.5,1220,,,
2014-05-30,234.0,245.0,221.1,223.2,34639,,,
2014-06-02,244.0,244.0,223.1,223.95,8441,,,
2014-06-03,225.0,228.45,219.4,222.05,5502,,,
2014-06-04,218.1,233.35,218.1,229.9,28894,,,
2014-06-05,226.0,275.7,226.0,269.9,98269,,,
2014-06-06,271.3,282.45,265.6,274.0,47639,,,
2014-06-09,252.5,285.0,252.5,271.35,35725,,,
2014-06-10,268.25,301.0,268.25,290.3,85341,,,
2014-06-11,291.75,296.0,273.0,278.85,20711,,,
2014-06-12,275.5,290.0,272.2,278.5,20039,,,
2014-06-13,283.9,292.9,265.0,271.1,21267,,,
2014-06-16,260.05,275.6,247.05,266.8,23640,,,
2014-06-17,268.0,283.9,267.05,276.05,27264,,,
2014-06-18,276.0,284.9,271.5,274.4,17389,,,
2014-06-19,275.0,279.9,271.5,272.9,5547,,,
2014-06-20,273.0,278.8,264.1,267.55,1728,,,
2014-06-23,265.0,274.9,256.0,262.45,10674,,,
2014-06-24,264.0,281.4,264.0,277.35,26055,,,
2014-06-25,280.0,282.5,274.0,275.1,8330,,,
2014-06-26,274.0,278.9,271.05,276.7,12941,,,
2014-06-27,278.0,278.0,269.0,275.15,9880,,,
2014-06-30,275.0,281.0,274.9,278.9,11553,,,
2014-07-01,280.0,334.65,280.0,316.1,227013,,,
2014-07-02,319.85,348.9,316.0,339.6,149446,,,
2014-07-03,345.0,354.75,336.35,341.6,63147,,,
2014-07-04,341.6,346.0,331.65,334.3,30044,,,
2014-07-07,347.0,347.0,328.1,338.35,36848,,,
2014-07-08,336.0,339.95,305.05,318.35,41533,,,
2014-07-09,319.0,321.0,295.3,314.75,21513,,,
2014-07-10,321.0,338.0,311.5,319.8,18182,,,
2014-07-11,316.6,335.0,303.35,309.75,10306,,,
2014-07-14,307.0,329.8,292.0,294.9,10171,,,
2014-07-15,295.2,324.05,295.2,312.2,21401,,,
2014-07-16,315.0,334.0,314.1,329.9,33918,,,
2014-07-17,340.0,340.0,322.0,326.8,21968,,,
2014-07-18,324.7,332.55,324.65,327.3,4604,,,
2014-07-21,339.0,375.0,330.0,354.45,73370,,,
2014-07-22,357.0,384.4,345.1,378.05,61596,,,
2014-07-23,400.15,413.0,383.5,394.05,135458,,,
2014-07-24,398.0,407.5,388.2,395.05,70828,,,
2014-07-25,401.7,412.0,386.0,390.9,50147,,,
2014-07-28,401.95,429.0,396.0,421.75,127481,,,
2014-07-30,424.2,429.95,405.0,411.4,50672,,,
2014-07-31,414.4,419.8,411.0,415.45,17359,,,
2014-08-01,412.0,422.65,396.0,398.9,39969,,,
2014-08-04,385.0,394.95,364.0,366.8,58781,,,
2014-08-05,377.7,377.7,360.0,372.75,22636,,,
2014-08-06,388.0,419.8,372.0,404.45,103390,,,
2014-08-07,408.0,416.5,395.75,401.4,37689,,,
2014-08-08,391.0,393.55,375.4,384.6,25213,,,
2014-08-11,381.7,389.75,375.45,376.65,21558,,,
2014-08-12,385.0,401.45,376.7,397.15,39089,,,
2014-08-13,398.95,398.95,362.0,376.6,22148,,,
2014-08-14,380.15,391.2,375.4,378.8,9121,,,
2014-08-18,383.3,392.0,380.0,387.25,13255,,,
2014-08-19,383.55,404.7,383.55,400.25,34964,,,
2014-08-20,400.65,413.8,395.5,405.65,30679,,,
2014-08-21,407.4,411.95,392.0,395.35,17893,,,
2014-08-22,395.0,395.0,379.8,384.8,12116,,,
2014-08-25,387.35,399.95,380.0,390.65,34705,,,
2014-08-26,391.0,399.5,382.2,387.15,9247,,,
2014-08-27,398.0,428.0,390.0,419.1,75028,,,
2014-08-28,428.5,441.0,416.0,419.7,109390,,,
2014-09-01,430.0,435.9,408.0,410.25,20936,,,
2014-09-02,417.8,417.8,394.1,396.8,30136,,,
2014-09-03,405.0,420.85,398.0,402.3,56022,,,
2014-09-04,400.0,407.45,394.0,397.55,13718,,,
2014-09-05,400.0,406.0,396.0,399.5,11015,,,
2014-09-08,401.05,413.7,401.0,406.7,19786,,,
2014-09-09,402.0,406.0,393.0,399.2,12253,,,
2014-09-10,397.0,409.7,397.0,402.8,16413,,,
2014-09-11,405.0,417.7,399.95,413.45,98621,,,
2014-09-12,416.0,423.0,410.0,413.6,28418,,,
2014-09-15,413.6,449.8,412.0,446.95,204105,,,
2014-09-16,450.0,454.4,402.0,408.4,38821,,,
2014-09-17,419.0,433.0,402.0,426.35,48496,,,
2014-09-18,436.2,469.5,428.0,466.1,201104,,,
2014-09-19,469.85,474.0,442.0,447.3,53797,,,
2014-09-22,447.0,457.65,435.0,449.5,36946,,,
2014-09-23,454.8,454.8,424.95,429.3,30475,,,
2014-09-24,425.0,456.9,415.25,445.75,70426,,,
2014-09-25,451.0,457.2,426.0,444.25,42257,,,
2014-09-26,444.25,465.75,440.05,461.25,56236,,,
2014-09-29,463.9,481.9,460.85,472.7,58054,,,
2014-09-30,480.8,482.0,463.6,467.95,32971,,,
2014-10-01,474.35,486.0,466.05,473.85,46416,,,
2014-10-07,469.1,486.0,458.5,471.85,33729,,,
2014-10-08,471.0,480.0,453.15,461.05,16323,,,
2014-10-09,464.9,472.0,460.65,465.7,9260,,,
2014-10-10,463.0,468.65,450.0,453.8,9052,,,
2014-10-13,442.0,470.2,442.0,461.15,14197,,,
2014-10-14,469.95,469.95,452.0,454.8,10578,,,
2014-10-16,473.0,473.0,450.0,450.55,22807,,,
2014-10-17,460.85,460.85,433.75,446.25,8410,,,
2014-10-20,441.8,461.15,441.8,452.95,8931,,,
2014-10-21,455.0,478.0,448.4,466.35,22380,,,
2014-10-22,464.85,476.95,462.0,470.35,16075,,,
2014-10-23,476.45,476.45,470.25,471.85,11047,,,
2014-10-27,467.15,523.6,463.95,518.0,158077,,,
2014-10-28,524.9,524.9,508.0,513.95,50395,,,
2014-10-29,514.0,535.5,504.95,532.45,76183,,,
2014-10-30,535.05,537.9,518.7,522.85,17204,,,
2014-10-31,525.0,527.0,505.0,510.7,35544,,,
2014-11-03,601.0,601.0,532.0,552.75,116293,,,
2014-11-05,555.0,556.5,526.0,542.2,30880,,,
2014-11-07,540.2,560.0,532.35,553.25,16961,,,
2014-11-10,564.0,574.0,546.0,557.15,20198,,,
2014-11-11,560.95,569.75,550.0,554.05,16434,,,
2014-11-12,557.65,573.0,551.95,564.8,25884,,,
2014-11-13,570.0,570.9,555.0,556.9,13809,,,
2014-11-14,562.0,574.0,550.0,567.1,12648,,,
2014-11-17,561.4,578.0,561.4,568.25,10436,,,
2014-11-18,574.0,587.85,566.95,577.35,17958,,,
2014-11-19,574.95,632.9,571.1,625.1,88963,,,
2014-11-20,629.75,629.9,610.0,611.8,16210,,,
2014-11-21,605.65,627.0,600.0,616.3,21952,,,
2014-11-24,623.6,668.8,606.5,651.7,41310,,,
2014-11-25,649.9,650.0,611.15,619.65,29880,,,
2014-11-26,619.45,638.0,610.1,622.8,10589,,,
2014-11-27,619.0,639.9,615.0,630.05,7614,,,
2014-11-28,625.05,640.0,612.0,625.5,13949,,,
2014-12-01,628.0,630.0,600.0,604.45,18317,,,
2014-12-02,606.3,622.0,591.4,617.4,12071,,,
2014-12-03,620.0,643.95,617.5,623.55,19185,,,
2014-12-04,625.0,680.05,615.0,645.0,82860,,,
2014-12-05,647.0,658.0,635.0,638.05,19309,,,
2014-12-08,636.0,685.0,631.2,641.7,15604,,,
2014-12-09,647.95,681.45,640.0,646.9,33869,,,
2014-12-10,651.0,674.6,640.0,666.35,15583,,,
2014-12-11,660.0,687.7,660.0,668.2,20195,,,
2014-12-12,672.0,699.0,650.15,659.0,37047,,,
2014-12-15,655.0,666.9,620.4,637.45,12390,,,
2014-12-16,640.0,658.0,608.05,617.05,36099,,,
2014-12-17,600.0,624.0,573.05,603.15,21678,,,
2014-12-18,610.0,638.7,610.0,628.4,14454,,,
2014-12-19,620.4,643.85,620.4,635.9,9941,,,
2014-12-22,640.0,648.8,624.5,633.1,16888,,,
2014-12-23,629.0,643.85,629.0,634.45,5670,,,
2014-12-24,638.0,642.0,630.1,636.55,2178,,,
2014-12-26,640.95,669.7,635.2,654.95,21279,,,
2014-12-29,659.0,679.8,645.1,650.4,14931,,,
2014-12-30,650.0,666.0,646.0,660.65,9113,,,
2014-12-31,664.95,687.7,664.95,677.3,20592,,,
2015-01-01,677.1,711.0,677.1,699.25,46581,,,
2015-01-02,704.0,719.95,675.0,680.2,23016,,,
2015-01-05,683.95,717.0,683.95,703.55,50317,,,
2015-01-06,700.0,704.95,680.0,682.3,16924,,,
2015-01-07,675.05,763.9,670.0,745.4,85901,,,
2015-01-08,767.8,773.7,731.55,738.8,51502,,,
2015-01-09,742.0,768.0,736.0,743.4,31064,,,
2015-01-12,757.55,757.55,687.3,724.5,39761,,,
2015-01-13,734.5,758.0,713.7,738.45,54969,,,
2015-01-14,735.0,746.85,720.0,733.25,10193,,,
2015-01-15,738.4,773.25,716.8,764.75,45538,,,
2015-01-16,765.0,781.0,750.05,777.75,31263,,,
2015-01-19,784.9,784.9,755.25,761.85,18123,,,
2015-01-20,770.65,770.65,741.9,757.45,23275,,,
2015-01-21,758.95,759.0,724.05,731.25,13966,,,
2015-01-22,734.0,752.8,730.0,733.75,14159,,,
2015-01-23,736.0,748.95,732.05,739.6,7835,,,
2015-01-27,737.0,759.7,732.35,738.4,15701,,,
2015-01-28,737.0,743.0,725.05,730.95,9197,,,
2015-01-29,733.95,734.0,700.1,723.4,23243,,,
2015-01-30,726.0,739.0,704.15,717.15,14764,,,
2015-02-02,714.0,715.0,640.0,701.6,105118,,,
2015-02-03,704.0,786.0,703.4,772.3,64545,,,
2015-02-04,784.9,814.35,760.0,799.05,58146,,,
2015-02-05,801.0,806.05,777.6,795.45,16464,,,
2015-02-06,798.0,834.8,783.5,797.95,28906,,,
2015-02-09,790.0,790.2,769.05,776.75,13887,,,
2015-02-10,778.35,815.0,778.35,788.3,16842,,,
2015-02-11,790.1,809.0,776.0,800.65,15603,,,
2015-02-12,804.0,850.0,804.0,829.4,24165,,,
2015-02-13,831.8,853.9,822.0,826.85,15352,,,
2015-02-16,829.9,848.0,824.0,827.7,7773,,,
2015-02-18,831.0,864.65,825.0,847.05,27821,,,
2015-02-19,850.0,885.0,848.1,873.25,48201,,,
2015-02-20,876.0,919.95,866.0,907.65,46306,,,
2015-02-23,908.95,920.0,880.25,884.05,22830,,,
2015-02-24,887.0,893.9,860.05,869.3,21385,,,
2015-02-25,871.95,898.8,871.7,889.2,22493,,,
2015-02-26,886.05,895.0,872.0,883.8,9163,,,
2015-02-27,882.05,894.6,880.0,884.05,15631,,,
2015-02-28,886.95,904.0,854.95,885.05,22259,,,
2015-03-02,886.45,899.9,846.05,885.3,19929,,,
2015-03-03,888.0,900.0,865.15,874.05,5749,,,
2015-03-04,861.2,907.0,861.2,880.2,27025,,,
2015-03-05,883.0,891.2,860.0,865.6,9502,,,
2015-03-09,865.0,866.65,845.0,847.8,10897,,,
2015-03-10,860.0,860.0,781.0,790.9,25118,,,
2015-03-11,794.0,794.0,742.5,754.7,17153,,,
2015-03-12,742.95,764.05,725.0,739.3,24553,,,
2015-03-13,739.3,773.05,728.05,732.3,23262,,,
2015-03-16,730.0,755.0,730.0,737.45,4340,,,
2015-03-17,739.95,757.15,690.1,697.95,26333,,,
2015-03-18,699.0,749.0,666.0,725.15,56164,,,
2015-03-19,730.0,734.9,685.0,694.85,16709,,,
2015-03-20,690.1,701.0,678.05,683.15,10900,,,
2015-03-23,679.0,691.15,666.0,674.2,8146,,,
2015-03-24,674.85,700.0,668.1,680.1,4662,,,
2015-03-25,683.0,686.15,663.2,673.15,5506,,,
2015-03-26,670.65,670.65,657.0,661.05,7200,,,
2015-03-27,659.05,735.0,625.0,726.05,82112,,,
2015-03-30,727.7,813.0,727.7,779.1,57904,,,
2015-03-31,786.85,799.3,747.0,755.35,26064,,,
2015-04-01,756.85,805.0,756.8,801.9,26848,,,
2015-04-06,809.7,811.0,765.3,770.0,11818,,,
2015-04-07,774.9,780.0,750.0,766.95,8910,,,
2015-04-08,770.0,790.9,765.0,784.0,21576,,,
2015-04-09,790.0,809.7,776.0,803.95,18353,,,
2015-04-10,797.35,812.0,778.5,796.3,19046,,,
2015-04-13,795.05,839.9,790.0,796.2,22682,,,
2015-04-15,805.5,811.0,790.0,796.75,9406,,,
2015-04-16,811.0,811.0,758.05,790.3,11103,,,
2015-04-17,807.95,807.95,750.0,756.1,6720,,,
2015-04-20,760.05,800.0,725.0,752.9,26474,,,
2015-04-21,750.05,774.95,732.2,764.1,8745,,,
2015-04-22,764.7,775.0,740.3,751.55,5659,,,
2015-04-23,750.0,768.95,709.0,717.9,9864,,,
2015-04-24,727.0,727.0,657.0,682.8,19549,,,
2015-04-27,695.0,696.05,632.0,649.7,8572,,,
2015-04-28,645.05,694.55,605.35,679.35,7375,,,
2015-04-29,703.0,703.0,653.0,667.35,17193,,,
2015-04-30,660.1,691.0,660.0,679.05,16947,,,
2015-05-04,679.95,695.0,675.05,685.95,3316,,,
2015-05-05,686.9,722.6,676.0,682.0,9636,,,
2015-05-06,686.0,694.65,636.0,639.75,10332,,,
2015-05-07,630.1,655.8,617.0,639.4,18983,,,
2015-05-08,649.95,708.95,645.45,692.25,23634,,,
2015-05-11,685.0,715.45,682.05,706.05,16148,,,
2015-05-12,690.05,698.5,657.3,684.5,24778,,,
2015-05-13,686.65,724.0,678.05,708.8,9395,,,
2015-05-14,721.65,751.0,710.0,720.1,12107,,,
2015-05-15,725.85,811.8,725.85,760.1,68787,,,
2015-05-18,780.0,785.0,749.0,775.6,12017,,,
2015-05-19,768.0,780.4,752.0,755.1,4642,,,
2015-05-20,764.55,764.55,718.0,725.45,9329,,,
2015-05-21,746.9,746.9,703.85,711.3,9521,,,
2015-05-22,707.95,724.95,703.1,719.2,3111,,,
2015-05-25,728.95,762.95,720.05,729.65,10277,,,
2015-05-26,736.7,736.7,705.05,714.45,10987,,,
2015-05-27,733.0,733.0,688.0,696.05,16219,,,
2015-05-28,747.0,764.0,713.0,758.6,97039,,,
2015-05-29,770.3,784.0,726.1,768.95,41931,,,
2015-06-01,774.0,790.0,746.05,779.6,15120,,,
2015-06-02,780.05,805.0,732.0,744.55,25099,,,
2015-06-03,745.0,753.9,711.0,719.5,9705,,,
2015-06-04,721.0,736.0,711.0,724.05,9216,,,
2015-06-05,719.35,752.0,710.0,737.5,16020,,,
2015-06-08,720.05,735.0,695.0,715.95,7535,,,
2015-06-09,729.5,729.5,710.2,723.0,3434,,,
2015-06-10,728.9,728.9,710.0,720.4,3551,,,
2015-06-11,720.0,733.55,675.0,698.35,10165,,,
2015-06-12,696.0,704.95,686.0,700.35,5125,,,
2015-06-15,701.0,719.75,693.0,704.35,3427,,,
2015-06-16,700.05,718.0,680.1,696.3,7435,,,
2015-06-17,699.35,723.8,696.1,720.05,10755,,,
2015-06-18,706.5,738.0,706.5,733.4,6173,,,
2015-06-19,725.05,751.0,715.0,726.15,5761,,,
2015-06-22,725.95,732.0,715.5,730.05,3181,,,
2015-06-23,722.0,727.8,710.35,713.7,2749,,,
2015-06-24,721.9,721.9,704.1,710.45,4602,,,
2015-06-25,714.95,716.65,703.05,708.3,5174,,,
2015-06-26,715.0,718.0,695.0,712.05,4883,,,
2015-06-29,701.0,711.4,682.1,705.5,4805,,,
2015-06-30,709.0,724.5,694.0,712.4,89789,,,
2015-07-01,712.05,750.0,712.05,720.6,5309,,,
2015-07-02,720.6,731.0,712.1,717.15,3094,,,
2015-07-03,720.55,727.0,703.65,710.85,1747,,,
2015-07-06,711.0,721.3,693.35,703.45,7058,,,
2015-07-07,696.7,720.0,696.7,711.85,12554,,,
2015-07-08,693.0,721.95,693.0,717.6,5260,,,
2015-07-09,707.6,710.0,695.65,700.55,3656,,,
2015-07-10,713.8,715.0,692.7,702.15,1805,,,
2015-07-13,695.0,749.0,695.0,732.65,9809,,,
2015-07-14,747.25,750.0,712.85,734.1,42596,,,
2015-07-15,730.0,739.0,716.0,721.0,3049,,,
2015-07-16,738.0,749.0,701.0,740.15,8419,,,
2015-07-17,746.45,773.95,733.05,768.25,17337,,,
2015-07-20,784.7,799.8,758.95,778.75,30050,,,
2015-07-21,780.25,784.0,758.0,760.15,4819,,,
2015-07-22,752.3,778.0,740.3,769.85,3929,,,
2015-07-23,777.9,803.0,776.0,788.5,18035,,,
2015-07-24,788.5,804.95,766.25,792.5,12127,,,
2015-07-27,775.55,794.75,768.1,776.7,7335,,,
2015-07-28,772.3,784.6,768.15,770.95,3355,,,
2015-07-29,770.1,801.0,750.3,781.45,3344,,,
2015-07-30,782.55,883.5,782.5,863.6,86660,,,
2015-07-31,874.7,884.0,855.6,861.65,21199,,,
2015-08-03,867.9,886.8,862.0,863.85,24402,,,
2015-08-04,869.95,879.9,838.0,853.5,11787,,,
2015-08-05,859.95,860.15,825.15,833.7,8020,,,
2015-08-06,833.0,852.0,825.0,833.85,13453,,,
2015-08-07,833.85,929.95,830.35,866.95,63273,,,
2015-08-10,814.0,832.0,751.0,805.45,86125,,,
2015-08-11,815.0,839.9,795.0,817.4,25200,,,
2015-08-12,825.0,825.0,770.0,774.25,16731,,,
2015-08-13,789.0,817.9,763.4,806.45,30223,,,
2015-08-14,800.0,813.95,791.0,807.5,7657,,,
2015-08-17,788.0,809.75,770.2,800.85,14814,,,
2015-08-18,800.85,810.0,776.0,783.55,7119,,,
2015-08-19,783.5,799.9,765.0,781.35,11137,,,
2015-08-20,765.1,779.0,741.0,750.15,21804,,,
2015-08-21,760.0,760.0,714.95,721.3,11132,,,
2015-08-24,700.0,701.0,650.0,676.55,35015,,,
2015-08-25,677.25,690.0,650.0,680.65,22457,,,
2015-08-26,690.0,720.0,690.0,712.05,15002,,,
2015-08-27,720.0,740.1,718.0,730.55,6649,,,
2015-08-28,745.1,745.1,713.75,735.35,5809,,,
2015-08-31,736.95,736.95,696.15,701.3,4544,,,
2015-09-01,700.55,705.0,678.85,687.2,8134,,,
2015-09-02,680.3,710.0,666.1,684.3,18206,,,
2015-09-03,691.0,695.0,676.2,682.1,6411,,,
2015-09-04,676.85,687.9,645.05,663.15,5136,,,
2015-09-07,657.1,673.95,611.25,622.15,7372,,,
2015-09-08,621.05,635.65,605.2,627.35,5402,,,
2015-09-09,637.45,652.1,625.0,628.25,19426,,,
2015-09-10,625.0,628.05,617.0,626.1,3515,,,
2015-09-11,633.4,644.05,624.1,640.25,21058,,,
2015-09-14,641.55,649.9,628.0,644.05,1395,,,
2015-09-15,645.0,648.55,620.0,622.75,2280,,,
2015-09-16,628.75,669.1,620.1,657.7,4446,,,
2015-09-18,650.0,688.0,650.0,671.9,4458,,,
2015-09-21,665.0,690.0,665.0,687.0,2323,,,
2015-09-22,680.1,702.0,675.3,696.6,4833,,,
2015-09-23,690.0,698.8,671.5,690.7,14955,,,
2015-09-24,684.0,693.9,677.0,686.4,2751,,,
2015-09-28,688.1,706.8,672.15,683.05,4322,,,
2015-09-29,680.0,680.0,657.9,665.25,4639,,,
2015-09-30,667.0,680.0,652.0,656.05,4007,,,
2015-10-01,660.65,674.5,642.55,657.95,13746,,,
2015-10-05,661.0,664.0,636.0,642.9,6965,,,
2015-10-06,645.6,672.0,644.0,665.4,5450,,,
2015-10-07,666.0,672.0,665.6,665.95,1268,,,
2015-10-08,665.05,671.8,655.6,660.8,1685,,,
2015-10-09,655.3,725.0,655.3,705.5,30591,,,
2015-10-12,705.5,734.95,705.5,727.1,13915,,,
2015-10-13,734.9,740.0,711.1,735.65,9683,,,
2015-10-14,739.95,749.0,720.0,745.55,7624,,,
2015-10-15,749.95,762.9,729.0,760.0,14815,,,
2015-10-16,770.0,770.0,745.25,748.0,3953,,,
2015-10-19,755.05,759.05,723.0,724.8,5189,,,
2015-10-20,732.95,737.8,703.95,716.1,4751,,,
2015-10-21,712.3,749.0,708.1,740.55,3022,,,
2015-10-23,732.05,754.9,706.4,747.4,8379,,,
2015-10-26,738.05,764.95,724.7,760.55,6361,,,
2015-10-27,737.05,754.95,732.1,741.7,2335,,,
2015-10-28,734.0,755.1,734.0,737.4,2358,,,
2015-10-29,753.85,754.0,725.0,729.3,2266,,,
2015-10-30,735.05,738.0,704.0,710.1,3363,,,
2015-11-02,688.5,724.85,688.5,716.25,6231,,,
2015-11-03,715.05,727.95,710.0,710.9,3697,,,
2015-11-04,711.35,720.0,702.5,708.35,1933,,,
2015-11-05,703.0,716.9,699.0,701.45,2708,,,
2015-11-06,702.0,714.0,689.2,703.05,3033,,,
2015-11-09,651.0,665.0,606.0,660.3,32764,,,
2015-11-10,642.05,670.0,635.0,650.7,11324,,,
2015-11-11,660.0,679.55,645.2,650.5,1183,,,
2015-11-13,649.85,649.85,605.0,622.0,4281,,,
2015-11-16,640.0,650.0,610.0,634.95,11141,,,
2015-11-17,635.4,646.9,624.1,641.45,16924,,,
2015-11-18,632.5,643.0,588.15,599.45,10983,,,
2015-11-19,605.0,622.0,599.95,616.95,5590,,,
2015-11-20,618.0,633.95,616.95,629.4,6024,,,
2015-11-23,621.2,641.4,585.3,636.4,10229,,,
2015-11-24,627.15,649.9,621.35,645.3,4593,,,
2015-11-26,645.0,648.0,621.65,626.6,6461,,,
2015-11-27,649.8,649.8,620.1,624.95,1191,,,
2015-11-30,628.0,633.75,611.0,617.7,3735,,,
2015-12-01,608.2,629.9,608.2,614.6,2196,,,
2015-12-02,615.1,622.9,607.0,610.1,4050,,,
2015-12-03,612.0,627.05,592.0,605.45,5807,,,
2015-12-04,610.85,615.0,598.0,603.0,7714,,,
2015-12-07,610.0,619.0,601.25,603.65,2552,,,
2015-12-08,602.0,614.0,592.0,607.1,8420,,,
2015-12-09,593.0,600.0,580.1,585.45,2390,,,
2015-12-10,583.1,598.0,580.1,590.35,1594,,,
2015-12-11,597.95,634.9,591.0,622.15,21020,,,
2015-12-14,595.5,623.75,595.0,614.8,2627,,,
2015-12-15,615.1,627.0,610.0,619.3,8033,,,
2015-12-16,613.0,628.0,613.0,623.45,3273,,,
2015-12-17,612.1,630.0,612.1,628.25,4198,,,
2015-12-18,644.9,645.0,630.25,641.15,6259,,,
2015-12-21,641.5,641.5,625.0,627.1,4334,,,
2015-12-22,620.0,635.0,616.0,617.95,3914,,,
2015-12-23,643.0,643.0,615.0,622.25,4056,,,
2015-12-24,620.0,674.8,610.3,656.25,41578,,,
2015-12-28,668.9,668.9,626.25,649.3,4938,,,
2015-12-29,660.0,689.0,640.0,668.35,12548,,,
2015-12-30,660.0,682.85,638.5,642.55,59023,,,
2015-12-31,648.0,649.8,625.1,629.7,9128,,,
2016-01-01,636.0,640.0,635.0,638.55,3128,,,
2016-01-04,649.95,649.95,620.1,629.6,5090,,,
2016-01-05,630.1,682.7,626.0,652.25,38940,,,
2016-01-06,666.45,688.0,666.0,676.6,56133,,,
2016-01-07,680.0,725.0,653.0,700.2,90828,,,
2016-01-08,704.9,764.0,704.9,744.9,108637,,,
2016-01-11,737.3,757.4,705.25,750.9,55811,,,
2016-01-12,758.0,759.35,736.0,738.5,19094,,,
2016-01-13,745.0,752.0,655.5,695.8,22776,,,
2016-01-14,662.0,727.0,660.0,706.9,26003,,,
2016-01-15,749.0,755.0,685.0,690.2,30039,,,
2016-01-18,709.0,710.0,630.0,631.35,23761,,,
2016-01-19,648.75,674.75,641.1,664.85,5794,,,
2016-01-20,647.35,671.0,633.0,639.2,6083,,,
2016-01-21,655.0,675.0,621.5,627.2,14518,,,
2016-01-22,642.0,648.0,632.6,637.7,9692,,,
2016-01-25,651.0,675.0,645.0,661.7,7603,,,
2016-01-27,665.0,674.0,660.0,662.35,4171,,,
2016-01-28,673.0,673.0,637.0,640.5,7954,,,
2016-01-29,636.0,675.0,636.0,665.1,6336,,,
2016-02-01,675.0,675.95,640.3,646.85,2566,,,
2016-02-02,658.0,659.9,637.0,641.55,3362,,,
2016-02-03,626.0,640.0,610.0,616.0,7873,,,
2016-02-04,630.0,631.15,591.0,595.0,9760,,,
2016-02-05,612.0,612.0,586.0,594.15,2934,,,
2016-02-08,595.0,610.0,590.0,595.35,5253,,,
2016-02-09,581.35,585.1,551.5,565.4,15094,,,
2016-02-10,565.0,565.05,532.4,537.25,14384,,,
2016-02-11,550.05,550.05,500.3,515.8,7033,,,
2016-02-12,530.0,530.0,475.1,494.9,7166,,,
2016-02-15,559.0,570.0,450.1,530.5,8290,,,
2016-02-16,531.65,537.05,500.0,507.0,12248,,,
2016-02-17,500.0,525.0,495.1,521.1,4112,,,
2016-02-18,510.65,537.9,510.65,520.35,1209,,,
2016-02-19,530.0,530.0,509.9,519.7,908,,,
2016-02-22,509.45,533.0,506.0,511.5,2087,,,
2016-02-23,520.0,529.0,488.8,499.2,3471,,,
2016-02-24,501.0,501.0,487.0,495.15,1136,,,
2016-02-25,492.0,497.0,476.0,484.3,10264,,,
2016-02-26,507.0,507.0,480.1,484.0,1811,,,
2016-02-29,490.0,495.1,478.95,484.9,2332,,,
2016-03-01,488.75,499.5,476.55,485.9,3331,,,
2016-03-02,491.5,499.75,488.0,492.1,6293,,,
2016-03-03,498.8,518.8,492.0,513.75,4067,,,
2016-03-04,500.0,524.0,500.0,513.75,4745,,,
2016-03-08,515.45,522.85,500.0,503.3,9754,,,
2016-03-09,490.15,515.05,490.15,508.6,7244,,,
2016-03-10,508.05,513.0,505.0,511.65,818,,,
2016-03-11,510.05,520.0,507.0,512.95,17451,,,
2016-03-14,513.75,516.5,510.5,512.1,1530,,,
2016-03-15,512.0,515.0,501.0,502.0,2391,,,
2016-03-16,500.95,505.95,491.15,498.05,1373,,,
2016-03-17,494.8,512.8,494.2,507.1,4759,,,
2016-03-18,507.1,515.05,504.95,511.5,1644,,,
2016-03-21,518.0,543.7,506.5,533.05,8276,,,
2016-03-22,533.7,548.0,521.7,532.15,4280,,,
2016-03-23,523.1,539.0,523.0,533.3,4177,,,
2016-03-28,543.0,546.0,516.25,521.3,1886,,,
2016-03-29,537.75,537.75,512.15,520.45,3884,,,
2016-03-30,531.3,535.0,513.75,521.3,6353,,,
2016-03-31,516.65,529.5,515.0,517.9,3083,,,
2016-04-01,523.05,557.0,520.0,553.2,6919,,,
2016-04-04,553.0,574.0,553.0,571.45,6944,,,
2016-04-05,576.0,580.0,560.5,565.9,3878,,,
2016-04-06,560.5,573.15,560.5,571.5,1586,,,
2016-04-07,570.0,583.75,567.1,579.35,1836,,,
2016-04-08,576.0,590.0,570.5,585.3,2645,,,
2016-04-11,590.0,590.0,585.0,587.25,2591,,,
2016-04-12,593.85,618.0,585.15,599.05,5527,,,
2016-04-13,614.0,615.0,586.0,596.6,2429,,,
2016-04-18,580.0,613.0,580.0,608.4,2512,,,
2016-04-20,597.7,610.05,597.05,598.4,908,,,
2016-04-21,607.0,607.0,588.5,594.65,994,,,
2016-04-22,582.75,599.95,579.7,583.1,2682,,,
2016-04-25,591.0,591.0,577.25,578.4,1116,,,
2016-04-26,575.05,604.35,562.25,594.6,2816,,,
2016-04-27,582.7,601.3,582.7,592.95,1188,,,
2016-04-28,581.05,597.1,575.0,580.8,2015,,,
2016-04-29,575.0,589.95,569.15,581.05,1392,,,
2016-05-02,581.5,589.1,569.4,582.05,6796,,,
2016-05-03,572.5,581.05,563.4,568.75,2374,,,
2016-05-04,570.0,573.0,541.3,551.2,2915,,,
2016-05-05,559.0,578.0,554.0,555.55,6959,,,
2016-05-06,558.4,569.5,558.4,564.9,742,,,
2016-05-09,565.05,575.05,565.0,567.05,6273,,,
2016-05-10,575.5,575.5,560.0,561.05,810,,,
2016-05-11,565.0,578.8,560.0,571.95,1755,,,
2016-05-12,580.0,580.0,561.5,566.15,635,,,
2016-05-13,566.15,577.4,560.0,566.95,2097,,,
2016-05-16,561.3,570.0,561.3,562.45,1131,,,
2016-05-17,565.0,566.0,540.2,549.85,5579,,,
2016-05-18,555.0,567.55,542.1,543.9,1538,,,
2016-05-19,543.9,553.7,540.45,550.3,1575,,,
2016-05-20,553.95,554.45,542.5,547.0,2045,,,
2016-05-23,554.0,556.1,519.95,538.25,4950,,,
2016-05-24,549.5,549.7,510.0,517.95,1940,,,
2016-05-25,514.2,526.4,514.2,518.9,1210,,,
2016-05-26,518.0,537.55,518.0,533.05,1107,,,
2016-05-27,540.0,580.0,522.0,532.75,14463,,,
2016-05-30,527.2,541.05,490.1,494.2,10262,,,
2016-05-31,498.05,515.0,478.0,507.35,16904,,,
2016-06-01,518.0,518.0,492.0,494.15,9015,,,
2016-06-02,491.0,497.5,481.0,488.55,4489,,,
2016-06-03,485.45,508.0,480.1,482.15,4981,,,
2016-06-06,499.8,499.8,479.0,481.15,3558,,,
2016-06-07,485.0,486.15,477.0,480.45,5603,,,
2016-06-08,481.0,510.0,477.4,494.75,14218,,,
2016-06-09,502.5,514.5,486.5,509.95,17380,,,
2016-06-10,511.4,580.0,511.4,558.55,131660,,,
2016-06-13,553.0,573.0,553.0,557.45,106015,,,
2016-06-14,562.0,567.7,541.05,547.5,12804,,,
2016-06-15,548.95,549.0,543.5,546.5,9438,,,
2016-06-16,554.05,554.1,541.0,548.95,12399,,,
2016-06-17,563.0,584.0,539.05,547.9,74997,,,
2016-06-20,548.8,562.0,535.1,547.1,15980,,,
2016-06-21,553.95,554.0,527.0,529.7,4302,,,
2016-06-22,531.0,536.95,517.0,520.8,5415,,,
2016-06-23,529.0,529.0,515.5,516.05,4789,,,
2016-06-24,501.0,518.0,480.0,513.2,12303,,,
2016-06-27,511.5,524.0,505.6,509.95,7325,,,
2016-06-28,510.05,516.0,500.05,507.35,8365,,,
2016-06-29,500.05,515.0,496.25,503.25,10520,,,
2016-06-30,501.05,515.0,498.0,514.55,6670,,,
2016-07-01,515.35,534.0,512.0,527.7,10511,,,
2016-07-04,543.0,543.0,518.1,522.75,5429,,,
2016-07-05,534.9,534.9,515.0,527.0,8856,,,
2016-07-07,532.0,532.0,516.5,518.85,4141,,,
2016-07-08,505.0,520.0,505.0,508.2,3896,,,
2016-07-11,506.05,528.0,506.05,515.45,8395,,,
2016-07-12,516.0,544.3,509.95,538.25,23051,,,
2016-07-13,545.0,553.95,531.95,540.5,16980,,,
2016-07-14,536.0,545.0,524.85,531.25,5804,,,
2016-07-15,534.3,534.3,521.0,528.85,9596,,,
2016-07-18,538.6,538.6,515.15,520.9,2813,,,
2016-07-19,526.05,545.0,520.6,538.65,4225,,,
2016-07-20,538.65,578.0,538.65,570.55,51349,,,
2016-07-21,581.7,581.7,545.0,549.5,20168,,,
2016-07-22,550.1,565.0,526.4,546.45,10353,,,
2016-07-25,541.55,558.85,536.0,551.5,6793,,,
2016-07-26,552.0,558.0,529.0,530.4,6819,,,
2016-07-27,540.0,540.0,515.35,523.25,8962,,,
2016-07-28,533.25,537.75,525.0,526.8,6301,,,
2016-07-29,518.05,538.0,510.5,529.75,7031,,,
2016-08-01,526.3,544.0,520.1,535.15,5953,,,
2016-08-02,530.0,545.0,526.55,534.65,8465,,,
2016-08-03,525.95,539.9,505.05,530.1,18075,,,
2016-08-04,531.0,540.0,518.0,525.45,6669,,,
2016-08-05,531.3,540.0,521.35,534.45,15020,,,
2016-08-08,518.0,539.8,501.0,533.6,30022,,,
2016-08-09,539.9,545.0,511.65,541.0,12847,,,
2016-08-10,536.35,539.35,516.15,518.0,2297,,,
2016-08-11,520.05,526.0,506.1,511.25,6485,,,
2016-08-12,510.45,515.0,508.0,511.3,2510,,,
2016-08-16,506.8,521.9,506.0,511.5,10422,,,
2016-08-17,510.0,515.0,505.05,507.95,3564,,,
2016-08-18,505.0,520.0,505.0,509.15,5821,,,
2016-08-19,510.0,514.0,505.0,505.4,3412,,,
2016-08-22,507.45,512.75,503.15,505.4,2467,,,
2016-08-23,505.0,519.8,505.0,514.05,7899,,,
2016-08-24,514.05,515.0,507.2,511.1,7973,,,
2016-08-25,506.0,512.95,495.1,497.95,8069,,,
2016-08-26,499.0,505.0,476.1,484.7,11645,,,
2016-08-29,490.9,516.0,484.3,485.15,11992,,,
2016-08-30,487.0,497.7,484.05,486.15,15001,,,
2016-08-31,488.0,493.25,481.0,484.85,3966,,,
2016-09-01,485.5,492.05,477.0,478.9,2472,,,
2016-09-02,475.2,489.9,475.2,483.8,6469,,,
2016-09-06,484.0,488.4,468.2,473.7,6416,,,
2016-09-07,480.0,483.9,471.25,479.75,4963,,,
2016-09-08,482.15,485.6,475.0,482.9,3818,,,
2016-09-09,472.0,489.0,462.2,483.1,3733,,,
2016-09-12,480.0,526.6,469.0,471.3,5621,,,
2016-09-14,490.0,490.0,469.95,474.1,4085,,,
2016-09-15,476.1,484.0,475.0,482.5,3383,,,
2016-09-16,481.0,507.0,473.25,493.05,17048,,,
2016-09-19,512.0,520.0,488.0,510.4,9028,,,
2016-09-20,512.3,524.95,500.0,504.1,4158,,,
2016-09-21,500.05,516.95,500.0,511.6,8879,,,
2016-09-22,520.0,532.0,510.0,513.15,12689,,,
2016-09-23,512.25,515.9,507.0,510.1,5315,,,
2016-09-26,519.25,520.0,505.0,509.75,4507,,,
2016-09-27,510.0,520.0,504.95,510.6,4635,,,
2016-09-28,517.4,520.0,505.45,514.0,3724,,,
2016-09-29,504.2,518.85,450.0,488.3,6477,,,
2016-09-30,488.95,504.85,488.95,503.45,3381,,,
2016-10-03,504.45,516.9,486.0,495.85,13086,,,
2016-10-04,496.0,505.9,492.0,499.8,2857,,,
2016-10-05,504.05,505.05,491.5,494.85,2670,,,
2016-10-06,499.95,507.0,495.0,497.95,4822,,,
2016-10-07,514.0,514.0,490.3,494.95,2282,,,
2016-10-10,504.95,520.0,493.65,504.85,4057,,,
2016-10-13,491.35,500.0,490.45,498.65,1800,,,
2016-10-14,495.0,507.0,490.0,492.35,2441,,,
2016-10-17,485.0,505.0,485.0,496.35,6787,,,
2016-10-18,497.5,512.8,488.05,510.5,12414,,,
2016-10-19,515.0,529.9,505.5,525.45,18396,,,
2016-10-20,550.0,574.4,547.25,569.9,89107,,,
2016-10-21,573.8,573.8,554.3,561.2,24868,,,
2016-10-24,563.0,571.9,555.0,560.85,7459,,,
2016-10-25,563.0,563.0,542.0,545.25,9353,,,
2016-10-26,540.0,552.0,530.0,542.55,5660,,,
2016-10-27,540.05,542.05,526.2,530.45,4767,,,
2016-10-28,530.0,538.25,510.05,516.05,6349,,,
2016-10-30,513.0,536.7,512.5,528.95,2912,,,
2016-11-01,525.0,527.1,512.15,521.2,8227,,,
2016-11-02,515.05,520.0,510.0,514.85,4519,,,
2016-11-03,510.0,518.9,495.1,505.45,24696,,,
2016-11-04,508.05,513.85,488.0,499.05,5184,,,
2016-11-07,514.0,523.9,503.0,509.4,4184,,,
2016-11-08,515.0,515.05,506.3,510.15,2599,,,
2016-11-09,432.0,510.7,412.0,502.7,8802,,,
2016-11-10,520.0,525.0,510.05,519.05,3423,,,
2016-11-11,510.0,517.0,500.0,512.75,4155,,,
2016-11-15,521.0,525.0,451.25,476.65,36478,,,
2016-11-16,481.0,494.4,472.0,486.2,4905,,,
2016-11-17,490.0,505.0,487.0,501.2,4505,,,
2016-11-18,509.2,543.0,500.05,535.45,12774,,,
2016-11-21,524.7,534.5,485.5,506.1,10079,,,
2016-11-22,510.05,523.0,500.55,505.95,3321,,,
2016-11-23,505.0,515.0,505.0,514.2,2274,,,
2016-11-24,510.7,514.85,505.0,512.05,3075,,,
2016-11-25,510.2,523.85,505.5,509.45,1942,,,
2016-11-28,500.0,513.0,500.0,503.4,480,,,
2016-11-29,512.35,515.95,505.0,506.9,1783,,,
2016-11-30,506.9,530.0,506.9,525.75,4115,,,
2016-12-01,528.65,548.0,519.0,533.55,9298,,,
2016-12-02,522.9,547.0,518.8,538.9,4462,,,
2016-12-05,529.55,543.7,529.5,531.5,1482,,,
2016-12-06,529.55,614.75,529.55,601.8,136953,,,
2016-12-07,605.2,619.9,572.0,575.05,20254,,,
2016-12-08,584.0,597.75,571.1,574.1,7111,,,
2016-12-09,572.65,644.9,572.65,614.35,34961,,,
2016-12-12,616.0,641.85,602.9,620.15,16744,,,
2016-12-13,616.0,633.05,611.2,618.65,7652,,,
2016-12-14,621.0,623.7,595.1,600.75,5267,,,
2016-12-15,609.85,618.75,599.95,613.5,7349,,,
2016-12-16,616.95,616.95,592.5,602.15,8075,,,
2016-12-19,605.0,611.0,588.0,595.1,5897,,,
2016-12-20,594.0,614.6,572.1,610.15,8377,,,
2016-12-21,614.95,614.95,600.5,606.1,2859,,,
2016-12-22,600.3,613.7,587.0,595.65,4230,,,
2016-12-23,611.95,612.0,583.0,595.5,5984,,,
2016-12-26,585.0,598.0,572.0,588.15,5355,,,
2016-12-27,580.0,606.0,570.0,596.15,6237,,,
2016-12-28,591.0,613.0,591.0,595.3,3280,,,
2016-12-29,599.9,607.0,590.0,596.2,3999,,,
2016-12-30,600.0,609.95,590.1,592.0,3853,,,
2017-01-02,600.0,602.0,593.1,596.6,1801,,,
2017-01-03,603.8,629.0,595.35,620.2,13325,,,
2017-01-04,637.95,641.0,620.05,634.0,13647,,,
2017-01-05,641.0,652.1,630.4,639.75,17351,,,
2017-01-06,632.7,648.0,611.25,638.8,24231,,,
2017-01-09,639.95,679.0,632.3,672.1,23046,,,
2017-01-10,690.0,699.0,670.0,687.15,18181,,,
2017-01-11,681.35,707.0,676.25,688.7,16906,,,
2017-01-12,694.95,697.0,672.5,675.7,5564,,,
2017-01-13,680.0,680.0,651.7,655.85,9080,,,
2017-01-16,673.8,673.8,652.0,666.6,4024,,,
2017-01-17,684.95,684.95,655.0,658.45,2498,,,
2017-01-18,673.0,673.0,653.05,657.3,2868,,,
2017-01-19,651.0,670.0,641.6,652.85,3490,,,
2017-01-20,650.05,662.0,640.0,650.9,4716,,,
2017-01-23,640.0,667.8,640.0,652.8,2313,,,
2017-01-24,656.0,675.0,656.0,669.8,11289,,,
2017-01-25,676.0,676.0,651.55,655.6,7616,,,
2017-01-27,675.0,675.0,646.0,649.95,3478,,,
2017-01-30,660.0,660.0,640.05,643.4,3384,,,
2017-01-31,649.0,655.2,638.15,640.15,5937,,,
2017-02-01,653.0,653.0,632.2,635.05,3987,,,
2017-02-02,653.0,653.0,620.0,623.7,4896,,,
2017-02-03,620.0,636.95,615.0,617.6,2325,,,
2017-02-06,632.85,644.0,611.0,637.35,4364,,,
2017-02-07,631.15,650.0,631.1,647.45,4785,,,
2017-02-08,655.0,664.55,648.5,660.2,3795,,,
2017-02-09,665.25,669.0,655.1,663.8,3306,,,
2017-02-10,667.85,667.9,625.1,633.9,4796,,,
2017-02-13,645.2,645.2,611.0,636.0,5737,,,
2017-02-14,644.1,645.0,611.5,625.3,5351,,,
2017-02-15,622.8,623.8,591.95,598.4,8736,,,
2017-02-16,604.95,613.95,580.0,603.3,9025,,,
2017-02-17,592.0,602.0,585.35,594.9,3925,,,
2017-02-20,600.0,608.8,595.0,600.35,4063,,,
2017-02-21,605.0,624.4,597.0,611.5,7124,,,
2017-02-22,615.0,635.0,598.05,606.2,3066,,,
2017-02-23,619.9,619.9,600.0,602.9,1745,,,
2017-02-27,600.0,604.65,595.0,598.4,2117,,,
2017-02-28,595.05,599.95,585.05,591.0,2293,,,
2017-03-01,595.0,608.0,590.0,598.25,1154,,,
2017-03-02,600.0,624.0,597.95,611.2,22712,,,
2017-03-03,602.45,614.8,602.15,609.45,2241,,,
2017-03-06,623.95,623.95,595.0,600.5,5800,,,
2017-03-07,615.75,615.75,601.2,603.45,825,,,
2017-03-08,594.25,608.0,592.5,601.15,3397,,,
2017-03-09,609.95,610.0,599.0,604.05,1788,,,
2017-03-10,605.0,605.0,596.65,598.6,2913,,,
2017-03-14,605.0,617.4,600.0,600.15,7953,,,
2017-03-15,613.0,613.0,595.2,597.15,3622,,,
2017-03-16,602.75,602.8,596.0,597.25,1523,,,
2017-03-17,599.95,606.0,595.05,595.3,1827,,,
2017-03-20,605.0,605.0,594.95,599.4,3830,,,
2017-03-21,595.1,603.1,595.05,600.0,5757,,,
2017-03-22,598.8,615.0,590.0,602.5,3735,,,
2017-03-23,603.95,604.0,595.0,599.65,4421,,,
2017-03-24,595.4,607.9,595.2,598.05,3875,,,
2017-03-27,595.0,599.85,590.9,591.05,2578,,,
2017-03-28,594.95,598.6,593.5,594.25,3852,,,
2017-03-29,593.3,594.95,577.2,579.9,8213,,,
2017-03-30,581.65,596.7,575.2,584.15,63970,,,
2017-03-31,587.85,589.9,580.1,586.1,64144,,,
2017-04-03,593.0,610.0,588.0,599.7,3912,,,
2017-04-05,599.7,618.5,595.0,612.1,64931,,,
2017-04-06,612.1,629.75,609.05,616.25,9439,,,
2017-04-07,618.0,630.0,610.0,611.75,11240,,,
2017-04-10,611.05,647.0,603.15,642.8,10380,,,
2017-04-11,642.8,660.0,642.8,645.95,10398,,,
2017-04-12,643.05,662.0,607.95,648.45,8600,,,
2017-04-13,664.95,665.0,626.0,631.45,5363,,,
2017-04-17,627.35,640.0,618.5,623.8,11124,,,
2017-04-18,633.35,633.35,610.0,610.7,6858,,,
2017-04-19,629.0,629.0,610.0,611.7,2229,,,
2017-04-20,610.35,660.0,610.35,648.45,13635,,,
2017-04-21,652.0,659.95,630.0,636.3,2499,,,
2017-04-24,634.9,644.0,611.0,622.65,6346,,,
2017-04-25,625.0,631.0,615.55,618.5,3821,,,
2017-04-26,618.0,629.0,615.0,615.25,9623,,,
2017-04-27,633.7,633.7,612.05,616.55,2569,,,
2017-04-28,610.2,625.1,610.2,616.25,1266,,,
2017-05-02,625.0,625.05,610.0,611.45,1646,,,
2017-05-03,613.85,647.0,612.0,643.95,14434,,,
2017-05-04,642.5,659.8,628.0,631.6,4953,,,
2017-05-05,632.0,636.05,615.0,618.55,1839,,,
2017-05-08,629.0,634.0,607.25,621.35,3910,,,
2017-05-09,639.85,639.85,622.0,628.3,1745,,,
2017-05-10,631.9,632.0,617.7,623.65,1263,,,
2017-05-11,618.0,624.75,601.15,610.25,3681,,,
2017-05-12,610.0,618.0,598.1,604.75,2066,,,
2017-05-15,620.0,622.7,600.3,608.4,1435,,,
2017-05-16,626.7,627.0,608.0,613.95,3537,,,
2017-05-17,629.4,629.4,600.0,604.45,2403,,,
2017-05-18,602.0,613.2,590.0,601.15,2416,,,
2017-05-19,595.0,615.45,590.1,610.55,5265,,,
2017-05-22,615.05,620.5,606.05,614.2,3010,,,
2017-05-23,601.05,609.85,578.45,593.55,1545,,,
2017-05-24,609.35,609.55,570.0,573.0,2557,,,
2017-05-25,588.65,615.95,581.05,610.3,5604,,,
2017-05-26,609.95,620.0,609.95,613.75,2342,,,
2017-05-29,607.0,623.95,595.0,600.3,2869,,,
2017-05-30,604.95,621.0,590.1,619.25,10022,,,
2017-05-31,625.0,633.0,590.0,626.35,12688,,,
2017-06-01,630.0,632.0,607.6,615.35,10507,,,
2017-06-02,620.0,655.3,620.0,642.7,16274,,,
2017-06-05,636.0,649.95,636.0,645.05,14167,,,
2017-06-06,636.4,655.0,622.3,640.1,11801,,,
2017-06-07,636.6,720.0,624.0,708.2,86363,,,
2017-06-08,710.0,717.95,695.1,700.5,18088,,,
2017-06-09,701.0,710.0,691.25,700.75,8764,,,
2017-06-12,702.85,702.85,670.0,673.7,8722,,,
2017-06-13,675.0,718.8,669.0,706.4,15826,,,
2017-06-14,703.95,713.95,693.05,700.1,10957,,,
2017-06-15,711.0,712.75,688.05,700.0,15692,,,
2017-06-16,700.2,749.8,697.25,726.0,23122,,,
2017-06-19,730.0,760.0,720.05,743.9,26025,,,
2017-06-20,755.1,755.1,715.0,718.15,13958,,,
2017-06-21,718.9,728.3,714.2,721.25,5912,,,
2017-06-22,733.25,733.25,704.0,705.75,4152,,,
2017-06-23,718.95,718.95,675.0,678.25,6084,,,
2017-06-27,680.05,698.25,661.85,692.7,8461,,,
2017-06-28,680.05,703.0,673.0,686.95,3148,,,
2017-06-29,687.0,690.0,678.1,680.4,1715,,,
2017-06-30,681.1,688.9,679.15,685.3,1606,,,
2017-07-03,699.6,699.6,668.0,672.2,8222,,,
2017-07-04,678.9,680.0,668.0,670.45,4813,,,
2017-07-05,669.55,681.95,664.4,669.0,4787,,,
2017-07-06,670.2,678.95,665.0,667.45,5361,,,
2017-07-07,676.8,699.5,661.25,686.5,6838,,,
2017-07-10,699.8,706.95,689.45,700.7,2242,,,
2017-07-11,715.0,720.0,700.0,701.1,6007,,,
2017-07-12,705.0,705.0,692.45,697.55,3348,,,
2017-07-13,716.0,716.0,675.25,684.1,3529,,,
2017-07-14,684.1,689.7,675.0,678.6,3586,,,
2017-07-17,679.0,680.0,662.05,667.8,3958,,,
2017-07-18,662.0,670.0,657.0,663.45,6457,,,
2017-07-19,674.9,720.0,650.35,654.0,6649,,,
2017-07-20,661.7,665.15,652.25,658.9,2152,,,
2017-07-21,659.9,670.9,654.05,662.15,36370,,,
2017-07-24,659.5,690.0,659.5,665.0,7402,,,
2017-07-25,667.55,695.0,665.2,680.25,18047,,,
2017-07-26,680.0,694.8,670.05,676.35,6466,,,
2017-07-27,680.95,690.9,670.4,672.65,6792,,,
2017-07-28,666.2,678.5,660.5,662.5,5614,,,
2017-07-31,665.0,670.0,660.0,660.1,3720,,,
2017-08-01,669.0,669.0,654.55,660.05,6274,,,
2017-08-02,651.05,668.0,634.0,639.25,13895,,,
2017-08-03,643.25,643.25,621.0,623.95,10152,,,
2017-08-04,639.9,659.9,620.0,637.05,1546,,,
2017-08-07,634.85,643.85,628.05,632.15,2216,,,
2017-08-08,649.0,649.0,617.0,619.0,10900,,,
2017-08-09,610.05,620.95,600.0,606.0,9131,,,
2017-08-10,624.0,631.25,580.0,589.25,6995,,,
2017-08-11,580.0,605.0,579.05,587.1,8444,,,
2017-08-14,584.0,639.0,584.0,600.85,6340,,,
2017-08-16,601.95,614.4,595.0,613.45,1925,,,
2017-08-17,614.4,650.3,602.0,623.55,4121,,,
2017-08-18,602.05,623.95,598.95,606.5,5986,,,
2017-08-21,603.75,617.35,603.75,614.85,4532,,,
2017-08-22,610.25,639.0,610.25,628.0,5105,,,
2017-08-23,631.3,650.95,630.7,639.8,2877,,,
2017-08-24,650.0,661.0,640.0,656.2,3193,,,
2017-08-28,657.0,669.0,644.4,661.4,3751,,,
2017-08-29,660.5,666.0,643.95,652.5,7201,,,
2017-08-30,647.45,685.0,647.0,676.75,3525,,,
2017-08-31,684.5,684.5,661.05,665.1,2195,,,
2017-09-01,662.0,671.95,660.0,661.3,2343,,,
2017-09-04,653.0,674.75,653.0,662.8,1910,,,
2017-09-05,660.5,679.9,660.0,662.95,4687,,,
2017-09-06,653.9,668.8,651.15,655.25,1924,,,
2017-09-07,665.9,675.0,656.0,671.45,3701,,,
2017-09-08,665.15,684.5,665.15,677.4,10512,,,
2017-09-11,688.0,711.0,680.15,706.0,17811,,,
2017-09-12,712.0,712.0,691.05,698.25,10158,,,
2017-09-13,698.95,700.2,672.0,675.4,6642,,,
2017-09-14,666.05,687.0,666.05,672.4,11551,,,
2017-09-15,665.2,673.05,662.1,666.4,4625,,,
2017-09-18,677.15,678.0,665.75,670.05,3817,,,
2017-09-19,669.7,677.95,650.0,652.25,8640,,,
2017-09-20,659.95,660.0,639.95,644.4,4163,,,
2017-09-21,643.05,646.95,595.0,637.15,17387,,,
2017-09-22,634.8,638.0,621.0,632.0,2014,,,
2017-09-25,616.05,629.0,605.5,621.4,4327,,,
2017-09-26,610.05,630.0,610.05,624.1,1098,,,
2017-09-27,629.0,640.0,610.0,613.5,1631,,,
2017-09-28,624.9,629.5,610.0,618.65,3947,,,
2017-09-29,634.0,640.0,610.7,618.9,3297,,,
2017-10-03,637.5,642.0,615.0,619.6,2440,,,
2017-10-04,619.0,629.95,619.0,623.25,735,,,
2017-10-05,622.05,629.5,615.0,619.95,3363,,,
2017-10-06,623.95,628.4,612.0,615.25,3068,,,
2017-10-09,604.15,618.0,604.15,612.55,3435,,,
2017-10-10,614.0,619.9,608.0,611.05,3753,,,
2017-10-11,623.0,623.6,606.2,614.35,1888,,,
2017-10-12,613.05,625.0,609.0,623.9,1843,,,
2017-10-13,611.05,625.0,610.55,613.25,1772,,,
2017-10-16,615.0,622.35,610.2,619.6,2850,,,
2017-10-17,612.55,619.8,612.0,615.75,1169,,,
2017-10-18,609.1,617.9,603.05,612.8,4717,,,
2017-10-19,612.0,619.9,595.05,617.15,4466,,,
2017-10-23,618.0,650.0,595.0,621.75,9530,,,
2017-10-24,632.95,666.0,618.25,643.8,13869,,,
2017-10-25,647.95,657.5,631.0,640.0,7411,,,
2017-10-26,641.9,644.5,626.1,640.1,3729,,,
2017-10-27,640.0,649.65,640.0,642.5,2626,,,
2017-10-30,631.1,649.0,631.0,634.1,4981,,,
2017-10-31,634.8,641.95,633.95,639.0,3763,,,
2017-11-01,649.0,663.0,640.0,640.9,4710,,,
2017-11-02,642.75,658.0,640.0,655.0,4064,,,
2017-11-03,655.0,663.0,653.05,656.55,1846,,,
2017-11-06,647.1,656.9,636.9,640.2,3403,,,
2017-11-07,630.0,646.95,630.0,640.0,17849,,,
2017-11-08,638.9,660.0,633.6,649.0,8997,,,
2017-11-09,643.1,655.0,640.0,640.1,2031,,,
2017-11-10,643.65,644.95,638.0,644.2,2783,,,
2017-11-13,652.9,652.9,638.1,641.8,414,,,
2017-11-14,649.9,649.9,615.0,619.4,6437,,,
2017-11-15,635.9,643.0,616.0,629.55,2762,,,
2017-11-16,622.6,637.9,622.55,625.0,1350,,,
2017-11-17,642.9,642.9,622.8,625.35,3108,,,
2017-11-20,624.0,634.9,621.25,622.65,1612,,,
2017-11-21,625.0,654.0,617.1,643.0,6252,,,
2017-11-22,640.25,654.0,630.05,650.9,3944,,,
2017-11-23,651.7,658.9,644.3,650.4,3196,,,
2017-11-24,648.05,658.0,648.05,653.6,5285,,,
2017-11-27,660.0,710.0,648.45,690.85,20213,,,
2017-11-28,682.05,715.0,682.05,699.45,12715,,,
2017-11-29,695.1,703.9,681.0,682.55,3389,,,
2017-11-30,677.95,693.95,662.15,668.35,2930,,,
2017-12-01,670.0,682.0,655.0,657.85,4185,,,
2017-12-04,667.0,683.0,650.0,654.45,3273,,,
2017-12-05,658.0,669.15,642.3,658.65,3352,,,
2017-12-06,656.0,682.5,640.0,640.6,12273,,,
2017-12-07,606.95,636.0,580.0,632.25,50636,,,
2017-12-08,640.0,640.0,621.0,630.8,13727,,,
2017-12-11,635.0,639.85,630.05,633.35,6407,,,
2017-12-12,642.8,642.8,625.0,626.2,4655,,,
2017-12-13,633.9,642.0,627.0,640.0,12274,,,
2017-12-14,640.0,643.0,620.8,640.05,10200,,,
2017-12-15,634.0,644.9,634.0,640.55,4100,,,
2017-12-18,630.0,649.0,611.75,641.85,4165,,,
2017-12-19,641.6,650.0,628.0,643.9,3153,,,
2017-12-20,644.0,675.0,640.0,659.9,8602,,,
2017-12-21,659.0,670.0,642.5,651.75,4034,,,
2017-12-22,651.75,661.3,650.0,653.35,1453,,,
2017-12-26,653.0,668.0,650.0,662.25,4733,,,
2017-12-27,669.75,675.0,646.0,656.6,3671,,,
2017-12-28,666.2,666.25,636.9,644.0,6642,,,
2017-12-29,654.95,655.0,641.5,649.65,3216,,,
2018-01-01,658.45,658.45,640.1,648.7,2800,,,
2018-01-02,656.85,664.3,640.2,648.15,7110,,,
2018-01-03,658.9,745.0,640.2,719.95,55039,,,
2018-01-04,726.0,794.5,701.35,740.95,239347,,,
2018-01-05,763.0,790.0,744.0,772.05,75692,,,
2018-01-08,782.0,784.6,752.0,758.25,18731,,,
2018-01-09,750.0,764.95,742.05,745.15,7770,,,
2018-01-10,745.75,750.0,725.1,734.25,7753,,,
2018-01-11,725.0,742.65,715.0,725.15,13088,,,
2018-01-12,726.05,755.0,726.05,738.2,11021,,,
2018-01-15,729.45,750.0,727.05,743.8,7733,,,
2018-01-16,749.95,749.95,705.3,714.45,10846,,,
2018-01-17,715.0,728.0,693.1,711.15,14333,,,
2018-01-18,715.0,724.95,665.4,680.3,10535,,,
2018-01-19,692.0,695.0,664.5,670.25,17749,,,
2018-01-22,670.25,688.8,652.25,680.95,7534,,,
2018-01-23,690.0,708.2,671.35,702.2,7996,,,
2018-01-24,690.0,701.65,675.0,679.5,11554,,,
2018-01-25,685.0,699.85,661.05,666.9,4681,,,
2018-01-29,654.25,674.95,654.25,661.4,3888,,,
2018-01-30,661.0,668.95,648.25,659.85,6419,,,
2018-01-31,650.0,673.9,634.0,659.8,4766,,,
2018-02-01,652.85,670.8,642.0,667.35,2137,,,
2018-02-02,653.1,659.35,631.15,635.85,7884,,,
2018-02-05,635.25,639.95,583.05,630.5,4195,,,
2018-02-06,605.0,629.8,555.0,620.95,7251,,,
2018-02-07,620.0,650.0,620.0,625.75,2978,,,
2018-02-08,630.0,638.95,625.1,634.15,7399,,,
2018-02-09,593.15,634.5,593.15,623.85,2717,,,
2018-02-12,630.0,634.9,611.0,629.75,2474,,,
2018-02-14,625.0,648.0,615.0,635.6,12951,,,
2018-02-15,632.05,633.95,602.35,620.45,9518,,,
2018-02-16,625.0,634.0,605.4,613.85,4306,,,
2018-02-19,613.0,629.95,592.05,596.9,10075,,,
2018-02-20,600.0,610.75,594.9,604.05,14619,,,
2018-02-21,600.0,609.9,600.0,607.15,16813,,,
2018-02-22,612.0,616.95,593.25,610.55,4219,,,
2018-02-23,601.5,624.85,601.5,611.0,2415,,,
2018-02-26,615.35,624.65,603.4,605.8,2857,,,
2018-02-27,622.7,622.7,605.0,605.5,2815,,,
2018-02-28,614.75,614.75,596.3,597.4,1505,,,
2018-03-01,594.75,613.5,594.0,597.9,604,,,
2018-03-05,597.9,609.8,575.6,596.35,2169,,,
2018-03-06,608.45,608.45,566.0,573.75,7139,,,
2018-03-07,573.75,575.0,541.0,547.35,11703,,,
2018-03-08,547.2,558.0,541.05,553.2,9673,,,
2018-03-09,553.0,554.95,532.0,543.8,41521,,,
2018-03-12,545.3,548.9,520.0,521.95,11148,,,
2018-03-13,532.35,538.0,523.45,529.9,1804,,,
2018-03-14,542.75,542.95,520.0,525.8,3120,,,
2018-03-15,521.0,530.0,521.0,527.75,3512,,,
2018-03-16,542.5,542.5,525.0,535.8,3638,,,
2018-03-19,528.0,528.1,505.0,514.8,5468,,,
2018-03-20,516.0,520.85,502.8,508.65,4067,,,
2018-03-21,501.15,518.0,500.0,508.0,8406,,,
2018-03-22,509.0,515.85,500.0,501.4,8639,,,
2018-03-23,495.0,505.25,486.05,492.4,2852,,,
2018-03-26,490.0,500.0,480.05,493.75,22611,,,
2018-03-27,490.0,500.0,484.0,496.9,20009,,,
2018-03-28,495.0,519.9,480.1,512.55,12841,,,
2018-04-02,519.75,525.0,505.4,521.2,4948,,,
2018-04-03,525.0,548.0,522.1,534.4,2522,,,
2018-04-04,545.0,553.0,527.0,536.35,969,,,
2018-04-05,550.0,550.0,531.0,544.85,156,,,
2018-04-06,539.0,544.95,537.0,538.95,844,,,
2018-04-09,525.6,544.0,525.6,535.1,1202,,,
2018-04-10,550.0,554.85,540.0,546.6,2062,,,
2018-04-11,546.6,556.0,536.15,541.95,1152,,,
2018-04-12,536.05,547.1,530.0,536.9,2268,,,
2018-04-13,531.9,543.95,531.9,535.25,436,,,
2018-04-16,539.95,540.0,513.3,524.05,1203,,,
2018-04-17,531.0,539.0,518.95,524.45,955,,,
2018-04-18,535.45,539.9,521.2,529.0,1632,,,
2018-04-19,520.35,532.0,520.2,521.95,1285,,,
2018-04-20,518.0,531.95,515.0,521.6,497,,,
2018-04-23,545.0,545.0,525.0,530.15,1570,,,
2018-04-24,534.8,538.0,530.1,531.9,1577,,,
2018-04-25,532.35,535.0,521.1,524.45,3892,,,
2018-04-26,525.5,538.6,525.15,531.75,1385,,,
2018-04-27,520.5,544.95,520.5,529.85,9988,,,
2018-04-30,528.8,552.0,520.1,542.5,4229,,,
2018-05-02,542.5,563.7,539.05,551.5,18983,,,
2018-05-03,573.0,573.0,535.05,550.9,19749,,,
2018-05-04,554.35,554.35,535.55,537.45,4703,,,
2018-05-07,538.9,564.6,535.05,560.6,3454,,,
2018-05-08,560.15,598.0,555.15,587.25,7616,,,
2018-05-09,587.6,617.0,575.0,577.5,5067,,,
2018-05-10,577.25,582.0,562.8,570.2,1169,,,
2018-05-11,560.0,575.0,559.55,569.2,52968,,,
2018-05-14,573.0,579.9,561.0,571.4,972,,,
2018-05-15,569.7,573.95,541.55,549.75,1143,,,
2018-05-16,541.65,549.9,540.0,542.2,1612,,,
2018-05-17,557.95,565.0,527.15,535.05,5347,,,
2018-05-18,530.25,535.0,513.65,520.7,1372,,,
2018-05-21,517.15,518.9,500.0,502.15,2448,,,
2018-05-22,499.95,520.0,483.05,516.7,2674,,,
2018-05-23,531.0,531.0,503.0,505.7,1110,,,
2018-05-24,505.55,519.85,495.0,498.8,1356,,,
2018-05-25,502.0,507.9,488.05,492.6,986,,,
2018-05-28,497.6,504.95,492.0,497.45,1009,,,
2018-05-29,499.0,507.0,493.1,505.25,1036,,,
2018-05-30,499.0,501.4,484.05,494.4,1794,,,
2018-05-31,482.0,510.0,482.0,506.9,1940,,,
2018-06-01,495.0,505.0,472.0,476.25,3122,,,
2018-06-04,495.3,510.0,466.2,472.55,636,,,
2018-06-05,472.0,479.0,420.0,438.5,4962,,,
2018-06-06,456.0,457.0,426.0,448.4,1417,,,
2018-06-07,450.0,470.0,450.0,466.1,2907,,,
2018-06-08,469.05,485.0,465.05,480.75,610,,,
2018-06-11,482.0,482.0,460.25,470.25,884,,,
2018-06-12,483.55,483.55,470.15,471.3,191,,,
2018-06-13,481.95,482.0,469.0,470.3,508,,,
2018-06-14,482.0,482.0,452.0,462.8,1136,,,
2018-06-15,475.0,480.0,452.1,474.35,52337,,,
2018-06-18,488.75,488.75,445.0,459.35,1210,,,
2018-06-19,474.95,474.95,445.0,448.65,2012,,,
2018-06-20,464.9,464.9,435.0,437.35,2436,,,
2018-06-21,446.85,448.9,431.0,432.75,2020,,,
2018-06-22,450.1,464.9,432.0,435.2,1263,,,
2018-06-25,439.5,443.05,433.0,433.7,1019,,,
2018-06-26,435.05,440.95,426.1,429.15,1628,,,
2018-06-27,428.05,434.35,400.0,401.3,2528,,,
2018-06-28,400.0,426.8,385.3,412.9,2010,,,
2018-06-29,416.6,435.25,398.0,407.2,6134,,,
2018-07-02,423.5,431.0,405.0,418.25,724,,,
2018-07-03,414.0,429.95,410.05,413.05,563,,,
2018-07-04,401.0,420.0,400.05,415.0,378,,,
2018-07-05,411.0,430.0,408.15,410.2,208,,,
2018-07-06,405.0,419.9,405.0,409.6,679,,,
2018-07-09,406.0,419.3,401.1,414.9,1001,,,
2018-07-10,411.0,422.0,406.5,416.6,1276,,,
2018-07-11,411.95,421.9,411.95,415.0,290,,,
2018-07-12,416.0,420.95,396.35,407.75,776,,,
2018-07-13,406.05,411.95,401.0,407.0,8446,,,
2018-07-16,400.0,400.0,390.0,390.05,1626,,,
2018-07-17,386.0,396.95,384.0,387.15,616,,,
2018-07-18,383.0,418.1,382.3,387.6,5847,,,
2018-07-19,385.05,402.9,377.05,377.2,4825,,,
2018-07-20,373.5,391.0,373.5,389.1,517,,,
2018-07-23,385.0,401.0,385.0,394.35,952,,,
2018-07-24,382.6,402.0,382.2,398.05,955,,,
2018-07-25,390.05,405.0,390.05,395.3,506,,,
2018-07-26,409.8,409.8,395.0,400.4,306,,,
2018-07-27,396.0,404.0,385.0,400.2,865,,,
2018-07-30,395.0,414.8,388.2,399.6,1282,,,
2018-07-31,399.95,404.75,394.2,400.5,1353,,,
2018-08-01,395.0,416.0,395.0,396.0,910,,,
2018-08-02,399.95,402.95,380.0,401.7,3542,,,
2018-08-03,401.0,413.9,399.0,399.55,3467,,,
2018-08-06,399.0,412.0,395.05,396.45,2514,,,
2018-08-07,395.05,411.0,384.0,391.45,5166,,,
2018-08-08,395.05,403.15,390.05,396.2,2252,,,
2018-08-09,395.5,404.75,384.35,387.65,6273,,,
2018-08-10,398.05,398.05,386.2,387.3,1002,,,
2018-08-13,390.0,394.45,372.1,374.45,2779,,,
2018-08-14,373.95,379.9,365.35,369.15,3759,,,
2018-08-16,374.0,374.0,355.05,364.45,3328,,,
2018-08-17,357.75,377.8,350.5,369.15,978,,,
2018-08-20,367.05,381.45,367.0,374.95,4574,,,
2018-08-21,384.9,389.9,368.0,374.3,25679,,,
2018-08-23,375.0,375.6,368.0,371.85,8244,,,
2018-08-24,379.3,379.3,366.75,369.6,2637,,,
2018-08-27,375.95,376.0,365.6,369.1,1450,,,
2018-08-28,374.0,374.0,360.9,364.4,1530,,,
2018-08-29,364.0,373.7,363.05,367.9,308,,,
2018-08-30,365.0,365.0,353.3,358.9,11019,,,
2018-08-31,361.95,368.8,356.95,361.9,6165,,,
2018-09-03,360.0,360.05,353.0,355.3,4055,,,
2018-09-04,353.05,357.95,347.9,348.25,105337,,,
2018-09-05,350.0,355.45,333.05,342.25,73301,,,
2018-09-06,343.0,410.7,335.45,405.4,132862,,,
2018-09-07,390.0,390.0,372.0,379.55,28793,,,
2018-09-10,377.1,390.05,368.2,374.65,11931,,,
2018-09-11,373.05,383.0,372.0,378.55,4398,,,
2018-09-12,378.6,404.9,365.0,395.8,9947,,,
2018-09-14,400.0,431.1,400.0,424.9,36061,,,
2018-09-17,417.05,428.95,415.05,424.15,9021,,,
2018-09-18,420.0,434.3,419.95,429.8,8286,,,
2018-09-19,425.95,429.3,418.3,420.05,3423,,,
2018-09-21,433.2,452.75,406.0,441.35,7670,,,
2018-09-24,443.55,448.65,420.05,428.9,3738,,,
2018-09-25,422.05,440.0,411.0,424.35,1871,,,
2018-09-26,447.0,447.0,426.0,437.05,910,,,
2018-09-27,425.05,440.0,425.05,426.7,6461,,,
2018-09-28,426.1,432.0,405.05,410.15,11555,,,
2018-10-01,401.0,409.95,388.5,397.1,1543,,,
2018-10-03,390.0,396.9,360.35,385.75,1389,,,
2018-10-04,380.55,387.65,360.0,373.95,1266,,,
2018-10-05,385.0,385.0,350.0,365.9,1395,,,
2018-10-08,394.0,394.0,350.05,359.55,2841,,,
2018-10-09,371.95,371.95,355.05,361.7,12185,,,
2018-10-10,358.0,364.0,358.0,360.7,4732,,,
2018-10-11,350.0,365.0,340.0,352.65,3743,,,
2018-10-12,354.0,366.0,354.0,359.9,2380,,,
2018-10-15,395.0,395.0,354.15,367.4,12239,,,
2018-10-16,375.0,378.0,367.0,375.6,699,,,
2018-10-17,392.0,392.0,361.0,370.0,630,,,
2018-10-19,353.45,365.0,353.45,357.7,893,,,
2018-10-22,360.0,365.0,356.0,360.1,3083,,,
2018-10-23,358.0,359.0,358.0,359.0,160,,,
2018-10-24,380.0,380.0,364.0,365.05,139,,,
2018-10-25,366.0,373.0,360.25,371.5,1122,,,
2018-10-26,366.25,374.0,365.25,365.75,2589,,,
2018-10-29,361.0,375.0,358.1,365.85,1984,,,
2018-10-30,362.25,384.55,362.0,371.95,434,,,
2018-10-31,372.0,372.0,370.25,371.1,224,,,
2018-11-01,370.0,382.75,368.0,370.0,1535,,,
2018-11-02,385.0,394.0,375.05,392.35,3756,,,
2018-11-05,414.0,414.0,382.1,387.7,2460,,,
2018-11-06,401.0,405.0,381.5,382.55,907,,,
2018-11-07,400.0,400.0,370.15,384.4,662,,,
2018-11-09,399.95,405.0,380.0,403.55,1812,,,
2018-11-12,403.0,427.7,400.0,407.15,697,,,
2018-11-13,405.85,414.0,400.55,406.65,660,,,
2018-11-14,404.95,414.0,398.2,400.15,743,,,
2018-11-15,389.05,396.05,372.0,381.3,6101,,,
2018-11-16,395.0,397.0,372.0,374.7,720,,,
2018-11-19,392.95,392.95,375.3,379.0,254,,,
2018-11-20,372.1,372.5,359.95,370.55,1410,,,
2018-11-21,378.3,382.05,365.15,378.3,630,,,
2018-11-22,377.0,387.0,372.15,384.2,510,,,
2018-11-26,386.0,392.4,378.05,387.2,527,,,
2018-11-27,380.0,393.0,371.0,379.95,1555,,,
2018-11-28,388.45,390.3,372.0,373.25,1588,,,
2018-11-29,384.95,384.95,356.35,369.4,2616,,,
2018-11-30,370.05,387.9,357.05,361.65,14424,,,
2018-12-03,362.15,372.25,353.0,354.35,7556,,,
2018-12-04,369.0,369.45,340.2,347.15,14157,,,
2018-12-05,354.95,364.75,336.15,358.7,6890,,,
2018-12-06,350.05,358.0,340.15,349.85,3187,,,
2018-12-07,342.05,365.0,331.35,342.65,3773,,,
2018-12-10,342.05,357.95,340.3,347.2,3931,,,
2018-12-11,343.95,349.0,330.5,341.9,4752,,,
2018-12-12,359.5,359.7,330.1,334.55,7876,,,
2018-12-13,358.0,358.0,326.45,330.15,14342,,,
2018-12-14,330.05,348.9,327.0,344.45,2637,,,
2018-12-17,353.95,354.0,327.1,342.8,5387,,,
2018-12-18,343.45,345.05,338.15,341.55,1911,,,
2018-12-19,342.65,352.95,339.1,346.6,5097,,,
2018-12-20,344.05,352.85,339.95,341.15,3263,,,
2018-12-21,346.25,347.0,339.1,345.65,1299,,,
2018-12-24,340.05,344.7,338.95,339.35,1722,,,
2018-12-26,331.0,340.3,331.0,336.25,1640,,,
2018-12-27,337.0,343.0,335.0,338.15,1247,,,
2018-12-28,353.3,353.3,336.1,341.15,478,,,
2018-12-31,348.05,354.9,340.0,340.65,482,,,
2019-01-01,342.95,349.0,342.05,345.25,436,,,
2019-01-02,354.9,358.75,344.0,353.65,2674,,,
2019-01-03,353.55,353.55,340.0,340.05,77951,,,
2019-01-04,342.05,342.05,335.0,335.65,991,,,
2019-01-07,343.0,351.05,341.1,343.15,6376,,,
2019-01-08,346.3,350.0,342.0,349.6,2023,,,
2019-01-09,341.15,390.0,341.1,368.2,61737,,,
2019-01-10,374.0,396.25,370.0,382.55,6811,,,
2019-01-11,390.0,407.95,378.05,403.55,7245,,,
2019-01-14,412.0,412.0,391.0,395.95,6085,,,
2019-01-15,392.75,394.35,384.15,389.0,4090,,,
2019-01-16,400.5,400.5,380.05,389.95,6071,,,
2019-01-17,390.1,394.0,378.35,388.35,11087,,,
2019-01-18,394.8,395.0,376.15,388.7,6051,,,
2019-01-21,381.05,383.05,370.0,374.3,342,,,
2019-01-22,376.65,378.95,358.05,363.65,2526,,,
2019-01-23,356.95,387.3,356.95,384.3,28949,,,
2019-01-24,390.05,418.0,372.4,403.4,24425,,,
2019-01-25,399.45,455.0,398.0,411.1,38673,,,
2019-01-28,403.05,411.95,386.45,389.95,16506,,,
2019-01-29,386.55,392.6,381.8,388.2,3500,,,
2019-01-30,380.0,402.0,380.0,400.7,4545,,,
2019-01-31,394.1,394.15,375.05,383.05,12076,,,
2019-02-01,384.0,392.0,382.0,390.65,333,,,
2019-02-04,395.6,397.95,376.8,379.85,4915,,,
2019-02-05,382.9,428.0,381.75,420.35,39747,,,
2019-02-06,423.85,448.0,417.25,430.2,18892,,,
2019-02-07,448.0,462.8,432.0,433.55,16760,,,
2019-02-08,435.05,436.0,413.0,415.05,10722,,,
2019-02-11,402.6,410.05,399.35,406.0,2525,,,
2019-02-12,402.0,412.15,400.55,406.65,707,,,
2019-02-13,413.15,415.0,409.85,412.75,1893,,,
2019-02-14,404.1,405.0,391.8,404.2,760,,,
2019-02-15,390.0,399.25,380.55,389.8,4460,,,
2019-02-18,393.7,396.0,378.15,382.4,3899,,,
2019-02-19,379.0,390.0,379.0,385.75,3956,,,
2019-02-20,393.95,395.4,385.05,387.3,3925,,,
2019-02-21,388.75,400.5,388.75,399.85,3961,,,
2019-02-22,395.0,401.5,382.8,396.15,6303,,,
2019-02-25,391.15,397.05,390.05,395.0,1814,,,
2019-02-26,385.0,397.05,384.6,385.05,4592,,,
2019-02-27,387.3,395.0,387.3,391.9,1888,,,
2019-02-28,386.35,395.0,386.3,389.95,2850,,,
2019-03-01,394.75,440.05,394.75,414.35,9310,,,
2019-03-05,405.15,424.95,403.3,423.15,1882,,,
2019-03-06,420.1,429.0,405.15,412.55,2186,,,
2019-03-07,400.0,434.0,400.0,422.4,38673,,,
2019-03-08,434.0,459.0,423.0,448.8,15333,,,
2019-03-11,459.75,465.45,444.25,450.0,3634,,,
2019-03-12,459.05,472.0,444.0,446.0,2578,,,
2019-03-13,449.75,452.55,430.0,436.0,1894,,,
2019-03-14,439.95,449.5,437.0,438.45,1050,,,
2019-03-15,442.9,443.45,430.5,433.8,999,,,
2019-03-18,442.9,478.75,440.35,456.95,13330,,,
2019-03-19,472.9,472.9,444.0,448.15,1639,,,
2019-03-20,451.15,451.15,437.8,445.1,2490,,,
2019-03-22,445.35,450.0,434.35,449.55,2432,,,
2019-03-25,445.05,445.7,428.3,437.1,4744,,,
2019-03-26,437.65,443.1,431.0,438.85,1363,,,
2019-03-27,456.0,456.0,430.15,441.75,11185,,,
2019-03-28,447.05,458.95,435.0,440.0,7915,,,
2019-03-29,442.85,443.4,434.15,440.25,2133,,,
2019-04-01,441.0,475.0,439.45,464.55,13364,,,
2019-04-02,455.35,472.0,455.0,462.1,2361,,,
2019-04-03,484.0,484.0,455.0,459.3,1744,,,
2019-04-04,450.2,468.9,446.05,451.15,4433,,,
2019-04-05,454.0,490.0,448.0,477.4,4503,,,
2019-04-08,501.0,503.0,464.85,470.65,6090,,,
2019-04-09,471.9,471.9,456.55,461.7,4561,,,
2019-04-10,464.85,485.0,461.0,465.45,45388,,,
2019-04-11,473.35,473.35,464.0,464.1,1319,,,
2019-04-12,470.1,481.0,464.95,476.55,861,,,
2019-04-15,486.3,506.05,477.1,482.1,8977,,,
2019-04-16,488.25,492.0,467.45,474.85,3262,,,
2019-04-18,490.8,490.8,461.0,463.35,2291,,,
2019-04-22,455.0,477.7,452.0,456.25,2434,,,
2019-04-23,469.9,469.95,446.6,448.3,3469,,,
2019-04-24,474.0,474.0,446.0,448.85,2933,,,
2019-04-25,453.5,463.85,450.05,455.4,862,,,
2019-04-26,456.1,459.0,453.0,454.85,1150,,,
2019-04-30,469.95,469.95,427.9,446.05,2318,,,
2019-05-02,440.05,460.0,439.9,447.05,1508,,,
2019-05-03,441.25,465.0,428.05,458.95,940,,,
2019-05-06,440.0,469.5,438.3,464.75,1154,,,
2019-05-07,452.05,458.8,433.0,449.85,3941,,,
2019-05-08,445.2,460.0,440.25,455.8,648,,,
2019-05-09,450.05,450.05,422.35,432.8,3847,,,
2019-05-10,439.9,442.7,426.05,434.5,5798,,,
2019-05-13,437.9,445.75,426.8,430.7,2905,,,
2019-05-14,439.95,445.0,422.3,431.15,2964,,,
2019-05-15,439.95,439.95,413.9,423.2,2963,,,
2019-05-16,428.35,444.0,426.9,440.7,2395,,,
2019-05-17,432.1,443.0,432.1,439.2,2278,,,
2019-05-20,466.95,466.95,431.4,451.55,8956,,,
2019-05-21,450.1,464.1,445.8,460.55,5220,,,
2019-05-22,453.7,474.0,448.65,470.85,4037,,,
2019-05-23,470.8,471.0,467.0,470.2,2066,,,
2019-05-24,468.95,470.0,458.95,469.45,2353,,,
2019-05-27,484.95,499.0,459.8,474.65,14510,,,
2019-05-28,474.6,509.7,465.15,486.3,91545,,,
2019-05-29,486.2,531.9,486.2,519.65,44865,,,
2019-05-30,530.0,576.25,522.0,559.3,65390,,,
2019-05-31,558.1,574.1,543.25,557.3,13823,,,
2019-06-03,566.2,566.2,530.0,534.85,5293,,,
2019-06-04,528.05,538.05,513.6,526.75,5347,,,
2019-06-06,549.95,549.95,520.5,524.75,6903,,,
2019-06-07,516.05,529.3,516.05,523.1,4279,,,
2019-06-10,521.9,534.05,520.0,523.45,6404,,,
2019-06-11,533.45,535.0,520.0,524.35,2694,,,
2019-06-12,520.05,526.35,505.1,511.15,2424,,,
2019-06-13,519.9,519.9,510.0,512.15,2579,,,
2019-06-14,510.05,518.55,510.0,513.65,1682,,,
2019-06-17,513.85,513.9,497.65,503.15,4998,,,
2019-06-18,501.0,507.45,491.0,494.9,3390,,,
2019-06-19,488.7,509.2,488.7,506.95,1182,,,
2019-06-20,506.95,511.25,500.05,508.9,783,,,
2019-06-21,502.0,528.5,502.0,513.45,63291,,,
2019-06-24,515.0,521.0,502.05,513.95,1125,,,
2019-06-25,510.5,516.95,503.0,506.75,4234,,,
2019-06-26,508.2,519.9,505.65,516.3,1007,,,
2019-06-27,504.0,550.0,504.0,544.9,5471,,,
2019-06-28,547.0,573.95,541.0,554.9,6396,,,
2019-07-01,563.0,573.8,558.0,564.1,8420,,,
2019-07-02,550.0,566.8,550.0,551.55,2298,,,
2019-07-03,538.25,553.55,536.35,540.9,2702,,,
2019-07-04,530.05,559.95,530.05,546.1,2718,,,
2019-07-05,533.0,565.8,514.6,519.6,2207,,,
2019-07-08,519.0,524.9,486.0,492.55,5515,,,
2019-07-09,483.4,519.0,483.4,512.1,5868,,,
2019-07-10,500.0,534.6,500.0,526.2,1497,,,
2019-07-11,513.0,537.7,510.25,520.55,2887,,,
2019-07-12,507.0,530.0,507.0,524.45,496,,,
2019-07-15,510.0,538.4,510.0,518.95,1790,,,
2019-07-16,506.0,522.8,506.0,519.0,682,,,
2019-07-17,507.05,522.15,507.05,518.35,1149,,,
2019-07-18,507.2,533.9,507.2,512.9,2063,,,
2019-07-19,510.0,518.0,489.15,491.25,5943,,,
2019-07-22,509.0,509.0,478.0,501.05,4572,,,
2019-07-23,507.0,507.1,495.0,499.2,652,,,
2019-07-24,497.0,513.95,494.25,498.05,1332,,,
2019-07-25,488.0,505.0,488.0,494.2,2041,,,
2019-07-26,486.05,505.0,486.05,502.5,1723,,,
2019-07-29,488.9,510.0,488.9,506.45,603,,,
2019-07-30,491.45,501.55,475.0,484.5,1213,,,
2019-07-31,470.1,492.55,470.1,482.5,1008,,,
2019-08-01,475.0,479.0,457.0,462.75,1397,,,
2019-08-02,465.0,489.0,447.0,477.95,3354,,,
2019-08-05,460.45,475.0,446.0,451.35,5586,,,
2019-08-06,453.0,470.9,453.0,461.1,688,,,
2019-08-07,472.9,474.0,456.9,458.2,1588,,,
2019-08-08,460.0,470.05,450.15,460.05,671,,,
2019-08-09,475.0,488.85,455.65,483.9,689,,,
2019-08-13,481.0,494.9,448.0,449.5,15210,,,
2019-08-14,474.95,474.95,440.6,445.45,1130,,,
2019-08-16,436.05,436.05,402.0,411.8,20856,,,
2019-08-19,410.0,459.2,409.15,410.9,1830,,,
2019-08-20,419.95,419.95,392.05,396.6,5345,,,
2019-08-21,418.9,418.9,366.0,374.2,6539,,,
2019-08-22,376.5,382.9,361.55,367.45,3781,,,
2019-08-23,361.5,375.0,351.55,371.75,1049,,,
2019-08-26,390.0,398.0,372.0,384.6,851,,,
2019-08-27,384.0,406.0,384.0,398.15,3320,,,
2019-08-28,391.05,395.05,382.0,390.05,1160,,,
2019-08-29,395.0,398.0,371.85,381.35,2240,,,
2019-08-30,380.0,380.0,365.0,367.1,1142,,,
2019-09-03,373.0,375.0,355.2,358.15,3091,,,
2019-09-04,367.0,369.95,362.45,368.7,215,,,
2019-09-05,356.05,398.9,356.05,390.05,3249,,,
2019-09-06,386.95,397.95,386.9,395.3,528,,,
2019-09-09,383.4,399.0,376.1,393.4,1434,,,
2019-09-11,416.0,425.0,394.45,402.15,1579,,,
2019-09-12,418.95,425.0,401.2,423.5,1869,,,
2019-09-13,417.25,422.2,412.0,415.95,212,,,
2019-09-16,419.5,424.95,408.05,419.3,1506,,,
2019-09-17,426.3,426.3,407.0,412.15,2461,,,
2019-09-18,424.0,425.0,407.5,410.5,2531,,,
2019-09-19,408.0,418.5,405.55,412.6,1699,,,
2019-09-20,401.05,430.0,401.05,423.7,1949,,,
2019-09-23,444.0,444.0,415.25,423.1,2516,,,
2019-09-24,426.15,431.8,410.0,418.85,1732,,,
2019-09-25,433.0,456.4,430.6,442.6,7325,,,
2019-09-26,454.5,460.0,436.1,452.7,2497,,,
2019-09-27,440.65,450.0,438.15,440.1,2528,,,
2019-09-30,440.1,440.1,417.25,420.7,3018,427,7.07,2716
2019-10-01,436.9,436.9,402.35,408.9,3809,242,15.74,2347
2019-10-03,405.0,414.9,390.0,398.25,796,293,2.72,311
2019-10-04,383.0,408.75,383.0,400.25,492,185,2.66,144
2019-10-07,395.1,402.5,386.2,391.65,1419,196,7.24,1077
2019-10-09,399.05,399.05,382.0,390.85,1317,243,5.42,609
2019-10-10,387.0,398.95,375.4,393.25,2501,215,11.63,1248
2019-10-11,398.0,403.75,386.05,395.1,60531,104,582.03,60161
2019-10-14,395.15,403.5,387.25,397.55,60727,123,493.72,60397
2019-10-15,419.0,419.0,385.1,386.75,3238,534,6.06,1322
2019-10-16,406.95,413.5,391.9,402.75,1593,395,4.03,758
2019-10-17,405.0,407.45,400.0,403.25,222,19,11.68,160
2019-10-18,391.15,425.0,391.15,419.85,1148,156,7.36,570
2019-10-22,423.9,423.9,391.0,398.3,4442,483,9.2,2843
2019-10-23,388.6,408.9,388.6,399.3,1556,195,7.98,762
2019-10-24,400.0,420.0,398.95,412.1,2658,355,7.49,2553
2019-10-25,390.0,416.6,390.0,400.4,335,132,2.54,162
2019-10-29,406.0,428.0,406.0,422.8,1534,199,7.71,889
2019-10-30,426.95,427.0,405.0,406.5,755,100,7.55,443
2019-10-31,405.15,424.8,405.05,414.15,1170,92,12.72,931
2019-11-01,415.0,420.95,404.0,406.1,329,83,3.96,114
2019-11-04,405.65,414.15,393.15,403.35,2789,235,11.87,1614
2019-11-05,400.5,407.45,391.05,397.05,1542,173,8.91,784
2019-11-06,398.05,398.05,390.2,394.2,2718,256,10.62,2011
2019-11-07,385.65,409.15,385.05,387.85,943,281,3.36,379
2019-11-08,395.0,395.0,367.2,379.1,4648,322,14.43,1435
2019-11-11,370.55,383.9,367.75,374.55,1768,258,6.85,1216
2019-11-13,380.7,421.35,376.0,377.55,10565,755,13.99,6312
2019-11-14,378.05,384.9,371.5,380.75,1780,96,18.54,807
2019-11-15,380.05,393.5,380.0,385.75,935,78,11.99,590
2019-11-18,387.0,389.0,378.0,386.65,1780,83,21.45,1475
2019-11-19,380.0,396.0,378.5,388.7,2151,232,9.27,1342
2019-11-20,390.05,398.0,390.0,392.1,1367,84,16.27,1084
2019-11-21,382.0,397.0,382.0,391.5,241,23,10.48,123
2019-11-22,378.0,404.2,378.0,398.7,16701,513,32.56,11273
2019-11-25,387.1,396.55,378.2,383.45,3792,435,8.72,2347
2019-11-26,382.0,398.0,380.0,385.7,2033,223,9.12,1485
2019-11-27,390.85,390.9,373.1,375.45,3698,338,10.94,2307
2019-11-28,377.05,381.5,368.1,377.1,4911,384,12.79,3677
2019-11-29,364.0,382.0,364.0,377.55,1009,88,11.47,598
2019-12-02,374.0,389.9,373.0,373.35,605,79,7.66,326
2019-12-03,370.0,379.9,369.05,374.0,1514,165,9.18,702
2019-12-04,376.0,378.85,371.1,372.35,122,39,3.13,45
2019-12-05,368.4,376.65,356.75,360.95,2363,376,6.28,1615
2019-12-06,357.0,378.0,357.0,370.75,1107,89,12.44,580
2019-12-09,379.8,379.8,355.35,362.25,1334,290,4.6,733
2019-12-10,363.9,367.75,356.5,358.3,498,82,6.07,424
2019-12-11,377.0,377.0,358.2,365.15,612,166,3.69,198
2019-12-12,352.0,377.85,346.6,358.05,2121,331,6.41,1019
2019-12-13,360.05,371.05,355.0,368.8,2634,333,7.91,1935
2019-12-16,375.85,375.85,355.0,356.85,1705,147,11.6,1016
2019-12-17,356.85,359.95,346.15,347.75,4479,326,13.74,2270
2019-12-18,368.0,376.0,345.55,346.7,6688,177,37.79,4655
2019-12-19,355.0,355.05,344.95,347.75,3235,85,38.06,2794
2019-12-20,350.05,358.95,338.6,343.55,6651,342,19.45,5424
2019-12-23,342.05,362.8,342.05,355.0,4843,107,45.26,4232
2019-12-24,354.4,359.75,348.55,358.3,666,52,12.81,490
2019-12-26,356.95,368.95,352.0,356.3,2178,293,7.43,1275
2019-12-27,365.7,365.7,345.05,348.6,3221,510,6.32,1909
2019-12-30,350.0,367.0,350.0,363.75,5433,317,17.14,4396
2019-12-31,381.45,381.45,356.65,362.5,3371,471,7.16,1908
2020-01-01,369.85,369.9,354.3,357.45,1112,166,6.7,557
2020-01-02,359.95,368.45,355.3,363.9,3716,385,9.65,2473
2020-01-03,369.05,372.35,360.55,367.35,1037,342,3.03,508
2020-01-06,370.0,374.0,351.0,364.7,1309,271,4.83,636
2020-01-07,356.7,372.75,356.7,364.05,606,236,2.57,122
2020-01-08,356.0,365.0,356.0,365.0,1557,84,18.54,1413
2020-01-09,365.7,372.95,356.1,357.15,4280,318,13.46,2721
2020-01-10,356.0,378.0,354.5,367.9,2152,294,7.32,1355
2020-01-13,367.9,441.45,365.05,441.45,30384,1322,22.98,19919
2020-01-14,490.0,495.0,426.4,440.1,84471,5582,15.13,19610
2020-01-15,439.75,439.75,416.6,424.8,8902,720,12.36,4558
2020-01-16,424.8,427.65,404.55,413.6,7352,683,10.76,3271
2020-01-17,426.0,430.0,412.1,422.55,2823,463,6.1,1485
2020-01-20,418.0,432.0,401.8,407.4,3817,357,10.69,2300
2020-01-21,407.0,411.1,393.65,408.15,4379,134,32.68,3670
2020-01-22,405.0,412.75,391.25,409.75,2962,281,10.54,2172
2020-01-23,401.3,413.0,400.5,402.05,3012,216,13.94,2335
2020-01-24,409.75,415.05,402.2,411.6,7680,210,36.57,6951
2020-01-27,414.95,416.95,400.1,410.1,1205,160,7.53,668
2020-01-28,417.0,417.0,402.0,404.0,586,240,2.44,323
2020-01-29,404.0,414.95,395.5,405.25,1314,115,11.43,922
2020-01-30,409.4,409.4,395.65,397.9,933,154,6.06,769
2020-01-31,412.8,412.8,393.2,398.9,2721,226,12.04,1421
2020-02-03,388.0,392.3,374.65,376.75,1765,457,3.86,971
2020-02-04,373.05,387.8,361.7,385.1,2254,270,8.35,1650
2020-02-05,381.0,412.15,381.0,390.05,2575,431,5.97,1339
2020-02-06,390.0,405.0,390.0,398.55,736,84,8.76,661
2020-02-07,387.05,420.05,387.05,415.7,2907,279,10.42,1999
2020-02-10,416.0,439.95,400.0,407.85,2128,512,4.16,1023
2020-02-11,407.85,408.0,385.25,390.35,2902,159,18.25,1977
2020-02-12,403.95,403.95,375.3,388.4,2561,208,12.31,1383
2020-02-13,410.75,410.75,373.0,377.4,7924,515,15.39,5455
2020-02-14,373.0,384.4,356.6,364.8,8223,489,16.82,5589
2020-02-17,377.0,377.0,367.5,370.1,3635,207,17.56,2595
2020-02-18,370.1,372.0,361.0,366.7,911,237,3.84,328
2020-02-19,360.1,370.0,358.0,366.95,2626,327,8.03,1513
2020-02-20,353.5,369.0,352.0,360.0,2145,326,6.58,1321
2020-02-24,351.55,360.0,336.0,343.5,6706,457,14.67,4713
2020-02-25,337.1,374.4,337.1,350.6,9540,632,15.09,6443
2020-02-26,350.75,356.8,344.0,351.0,3208,296,10.84,2755
2020-02-27,345.55,369.95,335.15,350.0,4514,385,11.72,2670
2020-02-28,333.0,336.1,307.1,323.75,7630,1033,7.39,3895
2020-03-02,315.5,369.95,314.95,331.4,4105,280,14.66,2187
2020-03-03,342.9,342.9,325.65,337.55,840,74,11.35,710
2020-03-04,325.0,341.0,301.35,309.55,6134,444,13.82,2997
2020-03-05,328.1,331.15,309.0,314.5,1302,69,18.87,794
2020-03-06,312.0,325.0,292.0,317.35,2143,231,9.28,1449
2020-03-09,300.0,313.75,280.0,284.55,1914,368,5.2,1174
2020-03-11,274.8,303.75,274.8,294.65,1538,88,17.48,1110
2020-03-12,280.0,299.0,275.0,282.0,3160,107,29.53,2432
2020-03-13,284.85,293.95,225.6,249.8,9698,272,35.65,6281
2020-03-16,232.05,264.75,225.0,228.55,3448,202,17.07,2299
2020-03-17,240.0,272.05,229.05,261.2,4705,403,11.67,2486
2020-03-18,274.0,274.0,235.0,238.4,3406,204,16.7,2565
2020-03-19,235.0,264.95,225.0,240.65,3909,239,16.36,2073
2020-03-20,232.2,244.9,211.3,226.8,27356,318,86.03,24442
2020-03-23,190.1,220.15,181.45,184.0,11264,303,37.17,8372
2020-03-24,200.05,219.9,175.4,217.4,7254,174,41.69,4295
2020-03-25,260.85,260.85,186.15,248.75,5855,325,18.02,3207
2020-03-26,240.35,270.0,228.0,256.5,63534,210,302.54,61547
2020-03-27,260.0,273.9,248.0,253.0,17885,140,127.75,17376
2020-03-30,245.05,260.1,235.0,245.2,11759,122,96.39,11020
2020-03-31,251.95,253.0,235.0,252.85,2230,107,20.84,1422
2020-04-01,259.2,260.0,245.05,248.05,695,39,17.82,452
2020-04-03,248.05,260.0,241.0,247.0,864,39,22.15,501
2020-04-07,260.0,260.0,217.95,243.05,4297,210,20.46,1777
2020-04-08,243.05,258.0,241.0,246.15,1189,79,15.05,969
2020-04-09,255.0,255.0,235.05,239.15,2713,101,26.86,1561
2020-04-13,250.0,286.95,240.0,285.2,6533,,,
2020-04-15,300.0,318.3,270.0,282.0,3244,268,12.1,2363
2020-04-16,275.05,290.35,270.0,289.55,960,143,6.71,614
2020-04-17,309.6,310.0,285.5,306.85,2430,191,12.72,1673
2020-04-20,330.0,330.0,290.05,292.45,1517,244,6.22,888
2020-04-21,289.0,289.0,275.3,285.5,311,29,10.72,245
2020-04-22,285.5,299.0,284.95,290.3,741,50,14.82,729
2020-04-23,290.3,310.0,281.25,288.0,4123,103,40.03,3523
2020-04-24,288.0,288.0,271.6,277.2,834,53,15.74,614
2020-04-27,280.0,280.0,257.0,264.15,1414,117,12.09,1202
2020-04-28,283.0,283.0,255.0,265.95,626,58,10.79,369
2020-04-29,272.0,272.05,261.05,263.0,1568,69,22.72,1171
2020-04-30,263.05,280.0,247.05,252.55,10024,402,24.94,7006
2020-05-04,252.55,264.85,230.2,249.0,1859,127,14.64,1292
2020-05-05,260.0,260.0,219.0,231.15,14797,670,22.09,7337
2020-05-06,225.1,237.0,219.0,220.65,4316,278,15.53,2747
2020-05-07,213.05,230.0,213.05,221.85,1255,125,10.04,774
2020-05-08,238.5,238.5,218.5,226.85,624,44,14.18,473
2020-05-11,226.8,239.95,224.3,237.05,2041,109,18.72,1743
2020-05-12,237.0,239.0,223.0,228.0,969,110,8.81,592
2020-05-13,255.0,256.0,226.5,232.8,1574,93,16.92,1065
2020-05-14,221.25,240.95,221.25,235.8,1833,84,21.82,1273
2020-05-15,230.05,240.95,226.0,233.75,2572,97,26.52,1939
2020-05-18,241.0,257.95,236.05,239.75,11858,714,16.61,6116
2020-05-19,240.05,242.9,225.05,229.95,3467,275,12.61,1910
2020-05-20,230.05,234.0,226.15,230.05,537,55,9.76,416
2020-05-21,228.0,235.95,228.0,232.2,1150,119,9.66,699
2020-05-22,246.0,246.0,229.05,232.9,1303,145,8.99,934
2020-05-26,239.75,258.9,230.95,234.4,9401,540,17.41,6264
2020-05-27,238.75,238.75,230.5,233.15,1683,107,15.73,1021
2020-05-28,231.0,238.4,230.4,233.2,2621,211,12.42,1436
2020-05-29,231.0,237.0,228.0,235.65,1917,128,14.98,1038
2020-06-01,253.0,253.0,233.0,240.2,2830,168,16.85,2256
2020-06-02,236.05,251.0,232.5,249.2,6542,346,18.91,5131
2020-06-03,255.0,261.0,250.0,258.0,5249,222,23.64,3755
2020-06-04,266.45,266.45,245.0,250.95,1826,157,11.63,1113
2020-06-05,258.0,269.4,253.0,264.05,5784,328,17.63,4118
2020-06-08,270.0,270.0,255.95,259.95,5578,269,20.74,3737
2020-06-09,267.95,267.95,251.1,253.9,2696,214,12.6,1725
2020-06-10,253.95,258.05,246.15,248.6,872,135,6.46,483
2020-06-11,249.95,258.15,240.0,249.7,795,101,7.87,445
2020-06-12,239.0,251.5,236.1,247.45,1473,92,16.01,805
2020-06-15,241.05,252.95,235.3,240.15,1843,174,10.59,1568
2020-06-16,245.0,251.0,237.0,240.7,1546,98,15.78,1082
2020-06-17,244.95,248.0,240.25,244.0,3063,117,26.18,2452
2020-06-18,256.0,256.0,245.5,250.15,57018,535,106.58,55802
2020-06-19,250.15,300.15,250.0,287.6,69290,2261,30.65,31683
2020-06-22,281.0,299.9,275.0,281.8,29691,858,34.6,8872
2020-06-23,284.75,289.95,278.45,283.4,10055,457,22.0,6966
2020-06-24,298.0,298.0,257.95,262.95,29849,1675,17.82,16303
2020-06-25,261.0,279.0,259.0,274.55,19485,888,21.94,11724
2020-06-26,278.25,325.0,278.25,305.2,47631,2339,20.36,15687
2020-06-29,306.0,309.8,290.0,291.7,9339,679,13.75,5130
2020-06-30,304.7,314.8,293.6,297.55,18527,1269,14.6,10019
2020-07-01,295.1,304.0,288.35,302.9,25097,947,26.5,17643
2020-07-02,310.0,325.0,295.15,298.9,43598,1754,24.86,23557
2020-07-03,304.0,320.0,298.0,306.6,29794,2000,14.9,14991
2020-07-06,307.8,342.0,307.8,335.45,59299,2785,21.29,28899
2020-07-07,340.0,349.0,333.05,343.25,28602,1118,25.58,13702
2020-07-08,340.1,345.0,322.8,324.85,13913,911,15.27,8613
2020-07-09,326.05,331.5,311.5,317.95,6992,547,12.78,3573
2020-07-10,317.05,331.8,305.5,307.45,10851,948,11.45,5871
2020-07-13,324.0,324.0,302.65,305.3,14165,687,20.62,7897
2020-07-14,309.15,315.0,299.9,309.6,8525,830,10.27,3685
2020-07-15,312.7,328.3,308.6,309.6,23542,1430,16.46,15242
2020-07-16,308.85,310.35,303.0,304.65,13231,684,19.34,8539
2020-07-17,306.5,326.5,306.1,319.85,13124,1105,11.88,8191
2020-07-20,328.0,328.0,315.1,320.0,9159,618,14.82,6453
2020-07-21,324.95,333.0,319.5,325.1,9552,813,11.75,6873
2020-07-22,325.05,328.0,315.0,317.1,12063,590,20.45,7462
2020-07-23,317.1,334.5,317.05,328.85,11643,1173,9.93,6164
2020-07-24,328.0,353.0,315.0,339.3,49783,2064,24.12,30630
2020-07-27,346.85,355.0,336.0,342.0,30106,1210,24.88,20258
2020-07-28,340.0,347.95,331.0,334.3,8077,444,18.19,5202
2020-07-29,330.0,330.0,303.55,313.4,35989,1496,24.06,18197
2020-07-30,316.95,326.05,308.0,309.25,18289,1534,11.92,7206
2020-07-31,311.9,323.0,301.35,316.6,24651,1602,15.39,11032
2020-08-03,318.95,318.95,306.05,312.4,5307,415,12.79,3018
2020-08-04,312.0,325.75,310.3,321.4,14539,854,17.02,8724
2020-08-05,325.05,325.05,319.0,320.4,3998,217,18.42,2725
2020-08-06,317.05,323.5,317.0,319.6,2917,278,10.49,1761
2020-08-07,316.85,349.4,314.0,344.5,64347,1331,48.34,53178
2020-08-10,359.0,388.25,343.05,356.65,39449,1969,20.04,24038
2020-08-11,364.7,374.3,342.35,362.25,62741,1803,34.8,44839
2020-08-12,368.75,368.9,346.6,360.95,19319,1628,11.87,9716
2020-08-13,368.05,371.95,360.35,367.15,12969,985,13.17,5481
2020-08-14,375.0,384.3,348.25,357.0,20836,1405,14.83,11522
2020-08-17,369.0,369.0,348.0,350.55,12626,771,16.38,6933
2020-08-18,350.55,360.1,346.05,350.3,12307,680,18.1,7094
2020-08-19,356.9,393.0,356.9,368.0,52574,2660,19.76,26543
2020-08-20,369.4,377.0,361.1,366.7,23937,1538,15.56,12360
2020-08-21,376.4,391.0,368.0,375.25,28049,1515,18.51,16314
2020-08-24,389.85,389.85,364.6,370.75,20069,1499,13.39,11881
2020-08-25,374.05,374.05,358.05,364.85,8807,799,11.02,4927
2020-08-26,370.25,374.0,363.05,367.7,8875,888,9.99,4330
2020-08-27,370.0,371.0,361.0,363.2,8140,674,12.08,4863
2020-08-28,369.0,374.4,354.0,358.8,15687,1307,12.0,8806
2020-08-31,354.95,355.0,327.0,332.8,39997,1814,22.05,31099
2020-09-01,339.7,348.0,331.1,344.6,7602,900,8.45,4653
2020-09-02,346.05,349.45,340.0,342.0,3146,296,10.63,1847
2020-09-03,349.8,349.8,333.55,336.85,6419,889,7.22,2399
2020-09-04,330.0,357.0,329.9,343.7,9416,458,20.56,8049
2020-09-07,347.0,363.05,341.3,354.6,24974,1363,18.32,17371
2020-09-08,354.0,354.0,335.1,342.1,10364,604,17.16,7016
2020-09-09,348.0,353.5,330.1,333.2,6119,663,9.23,3164
2020-09-10,339.95,344.8,330.0,333.5,12331,630,19.57,8761
2020-09-11,330.1,335.7,320.1,324.5,12601,970,12.99,6102
2020-09-14,331.55,356.8,316.85,323.0,40047,1819,22.02,20966
2020-09-15,328.9,329.9,318.05,320.25,22234,1170,19.0,14609
2020-09-16,321.05,337.95,317.3,334.05,12040,577,20.87,8285
2020-09-17,332.95,334.45,328.55,332.7,8844,441,20.05,5090
2020-09-18,322.0,341.7,322.0,337.35,15972,807,19.79,9755
2020-09-21,333.65,339.95,304.3,308.55,17930,1273,14.08,8907
2020-09-22,304.05,316.55,295.7,311.3,9337,654,14.28,5076
2020-09-23,324.35,324.4,292.65,294.6,19129,783,24.43,11083
2020-09-24,293.15,294.0,283.25,290.35,7100,641,11.08,3827
2020-09-25,294.95,307.4,292.8,302.95,5819,515,11.3,3215
2020-09-28,309.95,316.9,307.55,310.75,3249,,,
2020-09-29,309.05,311.3,289.5,292.65,18071,992,18.22,12200
2020-09-30,295.15,305.0,287.05,303.8,8566,593,14.45,4618
2020-10-01,305.0,309.0,299.0,301.7,10496,298,35.22,8661
2020-10-05,299.95,309.0,299.95,305.9,5963,174,34.27,3085
2020-10-06,309.75,309.9,295.0,297.35,18073,604,29.92,14855
2020-10-07,297.45,298.05,288.0,290.75,8182,519,15.76,5043
2020-10-08,291.3,294.95,289.0,293.3,6928,281,24.65,5157
2020-10-09,295.8,300.05,295.0,298.35,3510,207,16.96,2672
2020-10-12,298.35,298.35,295.0,295.6,4039,150,26.93,3207
2020-10-13,295.0,300.0,294.5,296.1,2575,127,20.28,2260
2020-10-14,294.5,302.05,292.95,295.8,1520,180,8.44,978
2020-10-15,295.55,303.0,293.2,296.3,4915,328,14.98,3570
2020-10-16,295.15,307.4,295.15,302.85,4711,348,13.54,3795
2020-10-19,307.65,307.65,300.55,302.3,3558,287,12.4,3069
2020-10-20,298.6,298.6,286.0,290.75,5693,412,13.82,4168
2020-10-21,294.9,294.9,276.2,285.4,13239,892,14.84,9466
2020-10-22,285.45,286.1,278.55,280.6,4352,333,13.07,2948
2020-10-23,281.95,292.0,281.65,290.65,2963,257,11.53,1919
2020-10-26,290.7,292.0,278.05,280.95,5111,247,20.69,4429
2020-10-27,280.25,288.0,278.15,280.1,4101,263,15.59,2915
2020-10-28,280.25,284.95,275.0,277.8,2267,168,13.49,1623
2020-10-29,279.0,279.0,260.0,268.95,11500,802,14.34,6652
2020-10-30,274.85,280.0,265.15,274.9,8868,683,12.98,2935
2020-11-02,280.0,280.0,267.1,277.7,1484,107,13.87,1133
2020-11-03,265.5,278.65,265.5,271.95,2344,354,6.62,789
2020-11-04,269.25,289.9,262.75,281.05,7315,569,12.86,2432
2020-11-05,281.0,284.9,270.35,279.15,7457,640,11.65,1780
2020-11-06,283.95,283.95,272.4,278.35,3193,220,14.51,1871
2020-11-09,283.1,283.1,266.05,269.5,9357,502,18.64,6387
2020-11-10,281.5,281.5,266.05,271.45,7112,500,14.22,2756
2020-11-11,269.8,278.9,264.0,272.6,8284,553,14.98,4374
2020-11-12,268.05,283.8,266.5,271.7,3977,185,21.5,3021
2020-11-13,271.7,274.9,268.25,271.2,15221,548,27.78,10865
2020-11-17,276.0,294.9,275.0,289.1,8495,467,18.19,5591
2020-11-18,294.45,303.0,287.35,299.2,28153,1370,20.55,7488
2020-11-19,299.3,301.0,292.5,295.05,8455,588,14.38,3808
2020-11-20,303.85,303.85,285.55,288.95,11371,1094,10.39,2598
2020-11-23,297.9,297.9,286.35,289.7,3666,314,11.68,1855
2020-11-24,286.65,299.0,285.0,294.0,4843,282,17.17,3471
2020-11-25,295.35,298.5,291.1,292.55,6096,162,37.63,5208
2020-11-26,296.2,310.05,294.0,307.1,17297,903,19.16,10195
2020-11-27,314.85,314.85,308.25,312.3,5213,296,17.61,3658
2020-12-01,314.05,329.25,311.0,322.65,12968,1020,12.71,7051
2020-12-02,324.0,329.65,321.0,324.2,6630,289,22.94,4931
2020-12-03,326.95,329.65,318.05,324.25,8367,602,13.9,4380
2020-12-04,320.25,329.65,320.0,321.65,3151,217,14.52,2143
2020-12-07,338.7,338.7,314.85,319.3,5841,368,15.87,3221
2020-12-08,319.3,329.15,315.0,322.05,8789,368,23.88,5234
2020-12-09,321.95,344.0,316.3,339.65,19280,1186,16.26,13383
2020-12-10,348.75,407.55,345.75,401.2,192627,7055,27.3,79480
2020-12-11,408.7,418.65,374.0,381.45,95057,5014,18.96,33711
2020-12-14,385.1,386.05,362.1,366.7,29319,1481,19.8,15217
2020-12-15,368.05,375.0,356.1,365.7,20625,1215,16.98,11951
2020-12-16,370.95,414.9,363.35,404.45,177265,4854,36.52,80730
2020-12-17,406.0,418.0,390.05,399.75,34745,2372,14.65,17287
2020-12-18,412.0,412.0,386.25,393.0,13992,1124,12.45,7764
2020-12-21,405.0,405.0,355.0,361.8,25950,1698,15.28,14138
2020-12-22,358.0,379.9,331.15,369.2,29502,1509,19.55,8044
2020-12-23,388.95,390.45,372.0,383.7,6453,500,12.91,4057
2020-12-24,393.95,399.95,371.35,375.15,26225,1406,18.65,10440
2020-12-28,384.8,385.0,370.65,383.95,11370,875,12.99,6514
2020-12-29,383.95,410.0,380.15,402.45,35397,966,36.64,29423
2020-12-30,412.0,473.0,401.1,440.8,624468,11766,53.07,454285
2020-12-31,454.7,468.8,441.0,444.8,72078,4884,14.76,31226
2021-01-01,448.15,451.5,436.0,442.35,17439,1433,12.17,7534
2021-01-04,450.0,450.0,428.05,438.35,23431,1564,14.98,12864
2021-01-05,430.0,450.0,430.0,439.45,20460,923,22.17,14023
2021-01-06,445.0,459.7,439.2,450.2,26057,1457,17.88,13101
2021-01-07,459.7,459.7,450.0,451.3,10635,674,15.78,6214
2021-01-08,451.0,473.0,442.9,467.7,40798,1914,21.32,27338
2021-01-11,467.7,477.4,453.25,456.9,12224,895,13.66,6678
2021-01-12,456.1,477.25,456.1,474.85,27252,1525,17.87,17007
2021-01-13,481.0,481.5,452.5,470.1,12126,978,12.4,6599
2021-01-14,469.0,479.5,460.1,467.35,6866,453,15.16,3408
2021-01-15,465.0,470.0,458.0,460.15,8910,442,20.16,6141
2021-01-18,448.2,468.0,444.15,449.25,56286,1098,51.26,51037
2021-01-19,466.65,466.7,442.0,445.4,4827,550,8.78,2406
2021-01-20,455.0,465.8,451.0,462.8,9329,541,17.24,5866
2021-01-21,462.8,465.3,435.0,447.2,31579,1384,22.82,15057
2021-01-22,436.95,454.8,435.5,440.5,14460,1244,11.62,4870
2021-01-25,442.0,459.8,427.85,437.3,26888,2820,9.53,3600
2021-01-27,430.0,443.95,425.0,434.25,11754,1342,8.76,2894
2021-01-28,435.0,458.5,427.1,452.35,16479,1191,13.84,8988
2021-01-29,464.0,468.95,431.1,435.6,6983,901,7.75,4024
2021-02-01,442.0,465.7,429.1,446.1,12774,1206,10.59,5807
2021-02-02,465.95,478.45,440.1,471.65,15764,1470,10.72,9843
2021-02-03,479.95,487.15,453.65,460.3,23773,2277,10.44,14562
2021-02-04,463.75,464.25,441.8,448.65,10764,679,15.85,6574
2021-02-05,448.95,459.75,440.0,445.65,8853,698,12.68,5800
2021-02-08,436.05,452.8,433.75,436.75,11297,733,15.41,7263
2021-02-09,438.0,450.0,433.5,445.95,9837,793,12.4,4362
2021-02-10,451.0,451.0,430.0,436.15,12888,845,15.25,4923
2021-02-11,425.0,427.5,412.15,418.9,40626,1666,24.39,31280
2021-02-12,423.95,427.0,415.6,418.35,24224,962,25.18,17071
2021-02-15,418.0,430.0,417.05,429.05,7855,732,10.73,3533
2021-02-16,433.9,437.7,407.5,420.15,9787,790,12.39,4611
2021-02-17,420.0,433.0,418.45,424.8,6229,495,12.58,3209
2021-02-18,434.8,446.9,420.5,443.4,15199,1125,13.51,9142
2021-02-19,442.7,465.0,434.1,438.0,18605,1387,13.41,8123
2021-02-22,448.4,448.4,417.0,421.4,15563,936,16.63,12360
2021-02-23,433.25,435.0,421.55,430.25,3416,332,10.29,2144
2021-02-24,430.55,442.3,420.3,428.9,2663,312,8.54,1463
2021-02-25,437.9,444.4,428.45,435.0,8201,575,14.26,2451
2021-02-26,435.1,437.0,426.25,433.55,3725,245,15.2,2361
2021-03-01,431.1,443.05,431.1,440.35,7842,232,33.8,5581
2021-03-02,439.0,445.0,433.3,437.0,3632,306,11.87,1959
2021-03-03,433.0,443.9,433.0,441.45,26198,588,44.55,23604
2021-03-04,447.4,449.8,436.55,437.9,5101,229,22.28,3345
2021-03-05,439.45,444.0,428.25,431.75,1996,190,10.51,1009
2021-03-08,431.1,441.0,431.1,435.65,2929,225,13.02,1894
2021-03-09,440.0,447.3,432.3,441.1,13343,676,19.74,6655
2021-03-10,440.0,445.9,439.7,443.4,3317,134,24.75,2786
2021-03-12,445.1,450.8,426.0,430.9,12839,919,13.97,5200
2021-03-15,439.6,439.6,422.5,429.9,3786,249,15.2,1900
2021-03-16,422.1,432.95,422.1,425.9,4833,315,15.34,2079
2021-03-17,424.35,441.65,421.3,422.55,6804,606,11.23,4281
2021-03-18,434.75,439.9,407.6,411.1,8789,618,14.22,2269
2021-03-19,411.15,411.15,384.0,395.15,5746,527,10.9,2472
2021-03-22,395.25,401.0,390.05,394.45,6073,366,16.59,2669
2021-03-23,415.8,417.9,399.0,403.75,3807,292,13.04,1605
2021-03-24,410.7,410.7,389.8,393.95,6957,251,27.72,5410
2021-03-25,401.45,403.15,381.0,387.1,1870,236,7.92,998
2021-03-26,397.25,398.75,385.75,386.3,30276,204,148.41,29559
2021-03-30,389.45,400.15,378.85,381.75,3278,352,9.31,2183
2021-03-31,394.65,394.7,375.0,377.85,1795,161,11.15,1452
2021-04-01,383.1,388.0,374.65,378.35,6028,419,14.39,2599
2021-04-05,381.2,384.95,362.0,381.4,6029,399,15.11,3991
2021-04-06,383.65,383.65,375.0,380.65,1970,178,11.07,1054
2021-04-07,386.75,387.0,380.0,380.8,1072,119,9.01,804
2021-04-08,398.5,404.0,389.0,397.8,6838,471,14.52,3781
2021-04-09,399.35,413.05,399.35,409.7,3684,249,14.8,2437
2021-04-12,417.0,417.0,381.55,383.7,3060,309,9.9,1909
2021-04-13,407.85,407.85,384.3,394.6,2772,381,7.28,1448
2021-04-15,401.25,401.25,376.05,378.5,2971,372,7.99,1661
2021-04-16,389.75,389.75,370.0,371.1,6275,537,11.69,3848
2021-04-19,358.0,374.9,358.0,369.25,3873,128,30.26,3506
2021-04-20,377.15,377.4,369.0,372.45,2130,177,12.03,1394
2021-04-22,372.45,383.4,367.05,381.05,5222,401,13.02,2821
2021-04-23,378.15,388.8,373.45,386.85,3220,310,10.39,1678
2021-04-26,390.0,390.0,381.5,383.65,1970,195,10.1,1205
2021-04-27,398.7,398.7,356.55,388.6,5062,339,14.93,1175
2021-04-28,390.8,399.0,388.0,393.2,6883,277,24.85,3951
2021-04-29,385.0,405.9,385.0,399.75,2961,317,9.34,1793
2021-04-30,380.6,415.4,380.6,394.35,2874,299,9.61,1578
2021-05-03,397.65,402.85,392.1,399.6,1653,213,7.76,952
2021-05-04,416.0,416.0,384.0,388.3,5913,436,13.56,3247
2021-05-05,397.45,406.05,391.0,393.65,8514,395,21.55,6654
2021-05-06,391.9,401.4,388.05,390.0,4848,332,14.6,3444
2021-05-07,395.55,404.0,391.6,395.25,2322,177,13.12,1740
2021-05-10,404.85,404.9,387.45,391.0,5788,500,11.58,4092
2021-05-11,382.05,398.8,380.0,388.85,3929,366,10.73,2397
2021-05-12,390.45,390.45,376.65,382.5,6651,440,15.12,4659
2021-05-14,382.55,387.35,370.4,374.65,5438,446,12.19,2446
2021-05-17,382.15,412.8,376.1,390.8,33414,1400,23.87,26072
2021-05-18,404.0,404.0,390.05,393.95,10550,602,17.52,3749
2021-05-19,397.0,439.9,391.0,428.05,52189,2574,20.28,21909
2021-05-20,437.7,443.0,429.0,435.2,17698,1275,13.88,9877
2021-05-21,437.0,440.95,415.1,420.7,13281,875,15.18,8949
2021-05-24,420.05,434.95,397.25,407.25,15053,998,15.08,8410
2021-05-25,416.75,423.95,393.25,396.55,16064,954,16.84,9141
2021-05-26,404.9,408.2,397.3,404.65,11552,508,22.74,8448
2021-05-27,406.65,409.5,401.95,404.15,7594,428,17.74,4926
2021-05-28,402.4,416.0,387.05,395.75,29766,1642,18.13,16781
2021-05-31,396.5,417.3,396.5,408.35,8365,667,12.54,4209
2021-06-01,409.95,419.8,400.0,401.7,4580,277,16.53,3475
2021-06-02,409.4,409.45,400.0,402.8,2879,173,16.64,2195
2021-06-03,402.85,425.0,402.5,420.95,34006,1131,30.07,15001
2021-06-04,423.0,453.05,420.0,435.2,47608,2413,19.73,21578
2021-06-07,440.0,440.0,418.0,423.9,12817,989,12.96,6778
2021-06-08,420.55,444.8,419.4,436.65,12254,729,16.81,7179
2021-06-09,456.0,456.0,425.0,430.1,20205,1684,12.0,10970
2021-06-10,430.1,445.0,418.5,423.2,17643,1171,15.07,10512
2021-06-11,439.75,439.8,423.25,429.4,15493,1278,12.12,8603
2021-06-14,431.9,431.9,416.0,418.0,15443,953,16.2,10542
2021-06-15,414.55,426.7,414.55,416.75,19216,1909,10.07,9091
2021-06-16,400.0,406.5,394.05,398.75,57648,1960,29.41,36960
2021-06-17,398.0,403.5,394.05,400.05,16206,484,33.48,12603
2021-06-18,401.0,403.95,387.25,391.1,16659,767,21.72,11986
2021-06-21,389.5,394.7,389.5,393.05,15813,480,32.94,11460
2021-06-22,399.65,399.95,394.7,397.6,7310,371,19.7,5395
2021-06-23,398.65,398.65,393.0,393.9,7749,316,24.52,6499
2021-06-24,397.55,399.9,394.3,397.6,2769,203,13.64,2268
2021-06-25,401.55,401.55,393.15,394.5,6989,224,31.2,5835
2021-06-28,408.9,408.9,391.1,397.9,6905,539,12.81,3338
2021-06-29,407.95,408.6,396.85,399.75,2659,162,16.41,1478
2021-06-30,404.9,409.95,396.05,397.85,11985,546,21.95,6121
2021-07-01,406.75,406.75,388.95,391.65,12571,692,18.17,8776
2021-07-02,395.65,404.9,392.1,394.1,6698,355,18.87,4424
2021-07-05,405.95,472.9,394.3,470.3,191082,6363,30.03,76684
2021-07-06,485.0,508.4,465.0,477.9,186958,9135,20.47,58296
2021-07-07,485.1,487.45,466.3,480.25,25088,1970,12.74,12179
2021-07-08,475.0,497.2,467.15,469.7,15200,1729,8.79,8316
2021-07-09,490.0,541.9,489.95,508.35,373501,22115,16.89,79586
2021-07-12,510.95,526.05,505.0,517.6,77410,5830,13.28,40039
2021-07-13,522.85,524.4,495.0,499.45,30740,1681,18.29,18310
2021-07-14,492.0,503.3,481.3,488.5,17506,1442,12.14,8940
2021-07-15,493.0,509.0,490.05,501.6,29686,1927,15.41,14046
2021-07-16,498.65,505.75,484.35,487.8,12501,1382,9.05,6729
2021-07-19,489.8,514.9,484.9,509.7,72845,2200,33.11,55589
2021-07-20,509.7,513.0,488.3,499.6,11014,1065,10.34,6132
2021-07-22,501.95,518.5,497.0,509.65,26889,2684,10.02,12837
2021-07-23,507.65,509.8,488.95,498.0,22912,2227,10.29,10630
2021-07-26,498.0,543.0,491.1,531.7,76082,5363,14.19,42322
2021-07-27,540.0,551.0,522.1,528.65,47983,3692,13.0,30141
2021-07-28,530.9,562.5,521.95,549.15,41880,3265,12.83,22919
2021-07-29,552.0,557.65,531.05,539.3,12777,1171,10.91,8619
2021-07-30,542.5,550.0,525.4,529.5,8897,824,10.8,6246
2021-08-02,538.0,540.75,525.5,530.4,64836,3848,16.85,48106
2021-08-03,536.0,537.95,528.2,533.0,8070,825,9.78,3933
2021-08-04,532.95,536.0,501.75,512.95,9940,942,10.55,5392
2021-08-05,516.0,524.6,507.15,513.85,17135,1093,15.68,7249
2021-08-06,519.9,526.1,507.0,509.6,10837,879,12.33,2485
2021-08-09,518.05,525.5,490.05,494.8,13750,851,16.16,5942
2021-08-10,499.45,503.1,457.4,475.8,14988,1406,10.66,6814
2021-08-11,478.0,496.0,446.6,485.4,23104,1749,13.21,11144
2021-08-12,499.0,504.95,481.6,489.25,16474,1631,10.1,6122
2021-08-13,494.9,494.9,464.0,469.25,19644,1056,18.6,13075
2021-08-16,452.2,459.4,428.0,431.8,32272,1890,17.08,18374
2021-08-17,425.15,447.4,423.35,440.15,7443,797,9.34,3244
2021-08-18,449.9,449.9,439.5,441.45,7314,321,22.79,5535
2021-08-20,441.25,446.55,439.0,439.4,10259,436,23.53,8363
2021-08-23,448.95,469.15,438.45,462.6,21002,1079,19.46,14207
2021-08-24,463.0,502.0,453.8,483.5,29056,969,29.99,19305
2021-08-25,480.0,498.0,475.0,480.6,11095,915,12.13,4017
2021-08-26,476.0,491.75,474.35,482.35,2347,399,5.88,1056
2021-08-27,475.2,489.0,461.6,466.2,3598,443,8.12,2106
2021-08-30,466.2,475.95,462.45,469.55,1701,254,6.7,897
2021-08-31,479.7,480.0,469.3,477.95,2441,221,11.05,1192
2021-09-01,480.0,485.5,469.9,471.45,1940,168,11.55,1345
2021-09-02,473.9,479.3,470.0,472.05,1118,113,9.89,675
2021-09-03,485.0,488.0,471.0,478.2,6515,477,13.66,2898
2021-09-06,476.0,489.8,476.0,476.45,3962,301,13.16,2584
2021-09-07,481.3,486.5,460.35,465.75,3137,354,8.86,1781
2021-09-08,465.0,475.0,462.0,465.45,2641,269,9.82,1864
2021-09-09,469.0,474.0,460.0,465.75,2960,193,15.34,1890
2021-09-13,466.7,466.7,450.25,456.95,5908,587,10.06,2659
2021-09-14,472.5,474.0,460.0,464.5,2616,173,15.12,1640
2021-09-15,463.1,557.4,463.1,540.6,189208,7894,23.97,83212
2021-09-16,538.0,542.8,507.0,514.55,46381,3493,13.28,23834
2021-09-17,519.95,519.95,476.15,495.1,22738,1920,11.84,13100
2021-09-20,472.65,493.65,471.15,473.7,18164,1650,11.01,9643
2021-09-21,482.95,540.0,467.1,509.65,127191,12611,10.09,31386
2021-09-22,507.0,532.0,500.0,514.5,28334,2589,10.94,11608
2021-09-23,514.5,525.05,495.0,499.95,28577,2494,11.46,17351
2021-09-24,504.85,510.4,497.05,498.35,10473,841,12.45,6009
2021-09-27,500.95,500.95,491.95,497.7,5632,603,9.34,2868
2021-09-28,504.65,506.75,490.0,493.05,7489,686,10.92,3356
2021-09-29,483.25,500.0,483.25,488.9,3157,446,7.08,1456
2021-09-30,486.2,489.1,471.0,472.65,24072,2266,10.62,11855
2021-10-01,487.0,491.35,470.0,483.1,6767,980,6.91,3093
2021-10-04,483.35,493.0,477.0,479.15,6594,473,13.94,4825
2021-10-05,484.8,574.95,481.0,546.95,320635,20118,15.94,78993
2021-10-06,554.5,559.0,510.05,517.35,46242,5202,8.89,18185
2021-10-07,522.4,528.95,495.0,515.0,25218,2911,8.66,10235
2021-10-08,522.6,528.0,501.1,507.95,20155,1750,11.52,8712
2021-10-11,512.55,565.0,500.1,543.15,71306,7513,9.49,27407
2021-10-12,541.75,548.0,524.0,529.25,9229,1165,7.92,4290
2021-10-13,536.95,536.95,512.8,529.35,24104,2628,9.17,8465
2021-10-14,534.75,555.0,519.0,541.5,14102,1907,7.39,7658
2021-10-18,545.95,572.25,545.05,549.5,41506,3210,12.93,29346
2021-10-19,550.0,615.0,542.9,576.35,141299,12777,11.06,47341
2021-10-20,570.0,593.45,549.0,556.3,26884,2682,10.02,10912
2021-10-21,562.45,578.8,551.05,553.0,23913,2011,11.89,11192
2021-10-22,570.0,570.0,531.35,538.55,21290,1584,13.44,13467
2021-10-25,536.0,550.0,507.5,519.2,26193,2079,12.6,14304
2021-10-26,535.25,548.8,519.25,525.65,26676,1663,16.04,18606
2021-10-27,531.45,542.25,531.15,535.45,5245,661,7.93,2611
2021-10-28,539.4,539.4,531.15,535.7,5811,648,8.97,3793
2021-10-29,535.6,544.95,520.0,538.45,12653,1186,10.67,6172
2021-11-01,538.45,581.0,538.45,571.0,22584,1743,12.96,15917
2021-11-02,576.6,622.0,559.6,606.35,103805,7500,13.84,55933
2021-11-03,601.0,622.0,586.9,600.0,23222,2802,8.29,10876
2021-11-04,598.0,612.25,585.0,607.3,7713,2802,2.75,10876
2021-11-08,607.3,643.5,585.3,621.3,59491,3492,17.04,24221
2021-11-09,612.0,630.65,590.0,595.75,28030,2181,12.85,7482
2021-11-10,595.5,606.4,588.1,597.25,10224,1079,9.48,5592
2021-11-11,590.5,590.5,555.1,571.3,35835,2670,13.42,22270
2021-11-12,565.0,594.65,551.3,564.9,18587,1711,10.86,11984
2021-11-15,573.0,573.0,555.1,556.7,9250,1259,7.35,3852
2021-11-16,557.0,572.0,551.15,554.9,9831,1533,6.41,4796
2021-11-17,571.55,571.55,539.05,542.8,8016,989,8.11,4463
2021-11-18,550.0,564.75,534.3,550.35,9019,1279,7.05,4016
2021-11-22,555.0,586.7,536.3,543.8,11783,1703,6.92,5222
2021-11-23,542.0,553.6,533.8,538.75,4059,547,7.42,2060
2021-11-24,531.2,560.3,525.4,530.4,10876,1211,8.98,5944
2021-11-25,540.0,540.0,525.55,530.65,12516,749,16.71,9568
2021-11-26,521.1,532.8,512.85,519.35,13219,768,17.21,9220
2021-11-29,510.1,550.75,504.0,534.1,28344,1635,17.34,14129
2021-11-30,540.0,554.2,525.0,538.05,12443,744,16.72,6466
2021-12-01,538.0,554.9,533.05,543.2,9833,505,19.47,7056
2021-12-02,549.9,549.9,530.55,545.45,7343,476,15.43,3181
2021-12-03,555.0,562.0,536.3,552.45,14295,998,14.32,9830
2021-12-06,559.9,562.25,541.25,541.35,13297,386,34.45,9852
2021-12-07,542.0,550.15,535.3,539.15,4322,268,16.13,3698
2021-12-08,539.1,580.0,539.1,574.45,67847,2476,27.4,37278
2021-12-09,582.0,582.0,561.25,561.7,12285,743,16.53,8276
2021-12-10,573.2,587.55,543.9,564.5,38170,2189,17.44,16673
2021-12-13,574.9,589.8,560.0,581.3,24389,1220,19.99,15722
2021-12-14,581.3,604.7,574.6,601.4,112290,2046,54.88,68662
2021-12-15,609.7,614.0,585.0,589.55,13995,956,14.64,7342
2021-12-16,585.1,609.7,585.1,600.2,23308,2095,11.13,11377
2021-12-17,604.7,604.7,562.5,567.3,27060,2499,10.83,13412
2021-12-20,556.65,578.0,532.0,539.35,12230,1293,9.46,7187
2021-12-21,540.0,568.9,539.9,545.85,16095,1373,11.72,6761
2021-12-22,546.1,568.25,546.1,563.4,10439,385,27.11,7672
2021-12-23,568.2,590.0,568.0,578.8,37279,1325,28.14,24021
2021-12-24,589.0,590.0,558.0,561.9,36596,1474,24.83,22489
2021-12-27,556.05,561.65,551.55,555.55,6505,415,15.67,4222
2021-12-28,561.5,564.7,548.2,553.6,9687,766,12.65,6151
2021-12-29,551.5,628.0,551.5,602.2,120450,6018,20.01,32350
2021-12-30,606.9,624.7,585.1,591.25,43626,3060,14.26,17013
2021-12-31,597.8,604.0,578.0,599.05,31830,1342,23.72,22790
2022-01-03,598.7,609.15,591.05,603.35,10326,1154,8.95,6096
2022-01-04,609.7,612.05,587.5,597.2,31245,2455,12.73,16504
2022-01-05,590.0,659.9,590.0,639.75,173372,14044,12.34,57243
2022-01-06,630.5,649.7,611.0,618.9,50818,3971,12.8,32215
2022-01-07,623.0,624.7,610.1,613.6,13385,1626,8.23,8110
2022-01-10,613.6,621.5,603.3,610.4,15330,1736,8.83,8606
2022-01-11,606.35,629.7,602.0,610.5,25590,2329,10.99,14673
2022-01-12,614.65,614.65,600.0,604.75,9896,1227,8.07,6805
2022-01-13,603.0,617.0,602.8,613.55,18501,1854,9.98,13294
2022-01-14,619.0,629.95,606.0,615.1,11066,1115,9.92,7049
2022-01-17,609.1,648.0,608.5,639.95,45302,2242,20.21,26319
2022-01-18,638.45,644.5,608.0,612.75,14924,1164,12.82,7315
2022-01-19,617.95,617.95,606.15,611.45,9120,793,11.5,3825
2022-01-20,619.5,619.5,606.85,611.8,9854,569,17.32,6143
2022-01-21,614.7,614.7,585.35,592.9,15676,1680,9.33,8493
2022-01-24,575.1,591.0,575.1,588.55,36841,1014,36.33,29704
2022-01-25,588.55,598.25,575.0,589.75,8631,552,15.64,3244
2022-01-27,571.05,614.0,553.45,585.75,65087,1907,34.13,29546
2022-01-28,598.0,605.75,583.1,584.1,13119,599,21.9,9100
2022-01-31,609.9,609.9,572.4,582.35,12752,1215,10.5,6568
2022-02-01,604.0,604.0,572.4,582.1,12751,889,14.34,5767
2022-02-02,583.75,589.1,563.55,577.85,13875,1164,11.92,6880
2022-02-03,583.0,585.75,569.05,577.15,6700,412,16.26,3020
2022-02-04,570.05,577.75,555.0,559.6,6384,455,14.03,2995
2022-02-07,579.0,579.0,550.5,562.35,8180,840,9.74,2837
2022-02-08,555.0,562.1,540.05,545.7,5666,612,9.26,3086
2022-02-09,554.8,557.8,541.55,549.15,6378,536,11.9,2905
2022-02-10,545.0,556.95,540.05,549.15,6250,529,11.81,4476
2022-02-11,549.0,551.05,540.15,545.1,6259,542,11.55,4536
2022-02-14,522.3,533.35,461.35,485.85,22146,1685,13.14,9996
2022-02-15,488.0,494.0,455.0,483.15,29863,2208,13.52,12378
2022-02-16,490.2,500.0,479.05,488.45,6827,975,7.0,1964
2022-02-17,502.05,502.05,477.75,487.25,7220,619,11.66,1737
2022-02-18,499.95,530.0,448.2,461.3,64974,4215,15.41,27228
2022-02-21,455.9,455.9,433.9,441.8,13358,1457,9.17,4390
2022-02-22,429.0,448.8,426.95,443.75,12801,1080,11.85,9755
2022-02-23,445.0,459.5,428.3,432.45,11940,1351,8.84,4683
2022-02-24,425.0,437.85,410.0,413.65,25007,1417,17.65,17469
2022-02-25,435.7,455.8,425.0,441.6,9173,911,10.07,3140
2022-02-28,435.0,441.6,417.65,422.7,9890,910,10.87,5229
2022-03-02,421.65,439.7,415.3,419.05,6958,877,7.93,3477
2022-03-03,423.45,429.95,411.15,415.9,6531,485,13.47,3632
2022-03-04,418.25,420.75,405.3,412.0,7387,450,16.42,4491
2022-03-07,413.3,415.05,390.0,403.5,10765,,,
2022-03-08,411.3,424.0,399.45,420.3,6822,605,11.28,3946
2022-03-09,424.85,431.55,416.0,419.3,11625,586,19.84,7342
2022-03-10,424.1,442.0,421.9,423.2,14806,1140,12.99,9734
2022-03-11,418.55,432.45,418.55,422.85,4232,470,9.0,2460
2022-03-14,430.6,430.6,410.05,414.2,11935,611,19.53,9958
2022-03-15,420.0,429.8,397.9,402.1,7251,787,9.21,4900
2022-03-16,404.85,417.5,400.55,411.4,10244,748,13.7,6664
2022-03-17,419.4,425.0,415.8,424.2,5853,582,10.06,4066
2022-03-21,426.0,431.5,418.85,421.0,4584,365,12.56,2744
2022-03-22,423.65,428.35,415.1,421.4,7172,633,11.33,5471
2022-03-23,424.05,498.0,424.05,455.65,130910,8785,14.9,31963
2022-03-24,452.0,457.8,443.6,445.55,9485,826,11.48,5744
2022-03-25,444.05,452.95,438.0,439.5,4307,430,10.02,2763
2022-03-28,445.0,445.0,410.0,426.25,13016,1194,10.9,7375
2022-03-29,427.5,488.9,424.5,441.7,98789,6572,15.03,33865
2022-03-30,452.0,465.0,441.35,442.6,13892,1436,9.67,7486
2022-03-31,442.25,478.95,440.35,452.25,30938,2630,11.76,13633
2022-04-01,458.3,479.9,455.25,464.6,18117,1757,10.31,8971
2022-04-04,460.0,480.0,460.0,472.3,10939,677,16.16,7033
2022-04-05,479.95,511.15,467.0,494.85,48767,2524,19.32,24831
2022-04-06,501.0,510.0,484.85,501.3,15699,1129,13.91,8849
2022-04-07,500.55,531.5,490.6,501.85,22177,1566,14.16,8462
2022-04-08,509.35,535.0,505.0,519.75,48048,2197,21.87,28723
2022-04-11,524.0,524.0,491.7,499.4,32844,2121,15.49,22457
2022-04-12,501.85,510.0,483.65,488.15,9478,843,11.24,4427
2022-04-13,490.1,500.0,487.6,489.7,5035,430,11.71,2692
2022-04-18,495.0,505.0,478.0,496.7,23952,1330,18.01,11544
2022-04-19,503.65,511.5,478.05,486.7,10095,986,10.24,4176
2022-04-20,500.0,500.7,482.0,493.6,9674,919,10.53,3323
2022-04-21,500.7,502.5,492.0,497.6,4513,386,11.69,2895
2022-04-22,505.05,505.05,479.0,482.35,16413,1097,14.96,11419
2022-04-25,471.35,486.0,471.35,480.5,9183,752,12.21,5338
2022-04-26,487.65,500.0,479.0,487.75,13524,787,17.18,8745
2022-04-27,499.9,499.9,476.6,480.25,7904,537,14.72,4882
2022-04-28,487.2,490.0,474.45,479.2,10221,692,14.77,6315
2022-04-29,486.35,494.9,475.0,480.1,10078,750,13.44,6211
2022-05-02,470.1,482.0,464.25,474.85,11792,794,14.85,8386
2022-05-04,478.7,479.8,453.05,459.2,13716,1174,11.68,7243
2022-05-05,464.95,483.05,456.7,467.4,7949,551,14.43,5902
2022-05-06,465.45,471.4,448.0,468.2,11076,707,15.67,8457
2022-05-09,475.0,475.0,447.55,455.65,22166,1103,20.1,16490
2022-05-10,458.9,467.05,440.6,456.6,6149,413,14.89,3759
2022-05-12,443.55,443.55,407.85,420.25,10047,595,16.89,7381
2022-05-13,422.8,441.0,421.15,428.55,3660,402,9.1,918
2022-05-16,429.0,433.85,410.0,411.8,5852,651,8.99,2500
2022-05-17,417.7,426.5,413.8,424.7,2847,293,9.72,1589
2022-05-18,428.9,431.5,422.0,429.1,2516,258,9.75,1467
2022-05-19,418.6,427.85,416.0,421.55,2406,277,8.69,1131
2022-05-20,410.0,440.0,407.05,437.95,8158,480,17.0,6510
2022-05-23,444.45,457.0,428.8,448.45,13758,554,24.83,10307
2022-05-24,443.75,466.5,435.3,450.4,7687,403,19.07,5541
2022-05-25,463.5,469.95,432.2,444.45,9799,937,10.46,5203
2022-05-26,445.4,476.0,435.1,462.25,21558,1107,19.47,14204
2022-05-27,469.15,480.05,460.05,467.05,16524,681,24.26,11586
2022-05-30,474.05,474.95,459.2,461.3,4230,503,8.41,2284
2022-05-31,467.9,467.9,446.05,450.85,3785,400,9.46,1407
2022-06-01,449.0,458.7,449.0,452.95,5743,305,18.83,3827
2022-06-02,451.9,460.2,444.75,457.8,7582,283,26.79,6041
2022-06-03,464.65,464.65,455.0,458.75,1333,90,14.81,893
2022-06-06,455.85,466.0,453.55,456.45,15019,304,49.4,7128
2022-06-07,456.15,458.15,442.25,444.35,4348,627,6.93,1504
2022-06-08,440.55,451.95,440.55,450.1,6061,334,18.15,2005
2022-06-09,455.0,455.0,436.0,443.5,10697,276,38.76,5082
2022-06-10,441.95,448.0,436.25,437.4,3801,195,19.49,2454
2022-06-13,436.25,436.25,418.0,419.45,5373,320,16.79,1827
2022-06-14,419.1,424.9,415.0,419.6,2343,122,19.2,1446
2022-06-15,421.65,430.0,419.25,424.2,10529,332,31.71,5416
2022-06-16,423.75,429.5,395.05,411.5,11733,776,15.12,5288
2022-06-17,399.2,420.5,399.2,416.9,2441,469,5.2,956
2022-06-20,421.15,421.15,396.05,404.95,3705,542,6.84,1644
2022-06-21,416.9,420.0,401.9,410.3,17932,544,32.96,5916
2022-06-22,410.5,426.55,399.65,413.85,11626,670,17.35,6543
2022-06-23,417.7,419.45,410.0,410.5,2560,463,5.53,761
2022-06-24,419.9,420.9,409.6,417.45,5330,314,16.97,2294
2022-06-27,418.0,419.9,408.7,414.75,11020,386,28.55,8660
2022-06-28,412.0,416.35,410.0,410.85,1598,197,8.11,708
2022-06-29,414.1,417.0,411.0,413.35,1558,168,9.27,543
2022-06-30,416.8,418.0,395.95,404.1,7891,436,18.1,3733
2022-07-01,397.55,410.0,397.55,409.1,2563,198,12.94,999
2022-07-04,410.5,410.5,401.9,403.15,3044,271,11.23,2048
2022-07-05,406.0,414.5,393.55,397.6,5649,312,18.11,2519
2022-07-06,403.2,406.0,394.0,397.45,2812,287,9.8,917
2022-07-07,403.35,412.0,398.85,409.05,9265,329,28.16,7616
2022-07-08,410.6,416.0,406.1,409.8,6817,470,14.5,2390
2022-07-11,415.85,415.85,404.65,411.4,2305,198,11.64,1042
2022-07-12,401.35,417.0,401.35,416.3,5676,196,28.96,3995
2022-07-13,422.45,426.5,415.0,416.05,10560,407,25.95,3279
2022-07-14,418.95,418.95,408.2,414.5,2320,162,14.32,1578
2022-07-15,413.2,416.9,407.7,414.4,1607,130,12.36,958
2022-07-18,415.9,417.0,408.1,410.4,5471,308,17.76,4114
2022-07-19,415.15,418.8,410.45,417.05,3493,228,15.32,2565
2022-07-20,420.55,427.5,415.6,418.1,7180,392,18.32,3099
2022-07-21,416.15,424.0,416.15,423.2,3605,243,14.84,2089
2022-07-22,418.0,440.1,418.0,429.65,9126,621,14.7,5750
2022-07-25,429.65,432.7,421.3,428.9,7493,630,11.89,5934
2022-07-26,426.6,428.9,414.05,416.9,7182,366,19.62,2421
2022-07-27,418.9,424.0,414.4,420.8,4489,262,17.13,2788
2022-07-28,419.95,422.0,417.05,420.0,7475,227,32.93,5911
2022-07-29,423.6,423.65,416.15,421.7,5058,204,24.79,3968
2022-08-01,424.0,425.0,417.3,424.1,7553,274,27.57,6045
2022-08-02,423.6,440.0,422.6,430.1,6549,473,13.85,4049
2022-08-03,434.7,435.0,421.25,421.7,3313,317,10.45,2164
2022-08-04,422.3,424.0,415.55,416.45,2293,198,11.58,1554
2022-08-05,420.0,422.6,417.55,419.2,2989,185,16.16,2384
2022-08-08,425.45,431.75,423.05,429.55,3526,,,
2022-08-10,432.0,432.0,422.0,425.65,4081,211,19.34,1984
2022-08-11,431.1,433.5,422.1,429.25,4238,286,14.82,2952
2022-08-12,432.0,477.5,427.3,461.8,54695,1966,27.82,29388
2022-08-16,468.5,469.9,420.2,426.9,20233,1472,13.75,12715
2022-08-17,428.9,432.0,424.0,426.65,4019,351,11.45,2676
2022-08-18,420.0,432.0,420.0,426.15,4382,249,17.6,3103
2022-08-19,432.45,432.45,414.05,418.85,6797,480,14.16,5286
2022-08-22,425.05,438.85,406.1,425.6,9920,698,14.21,5658
2022-08-23,425.05,438.1,423.15,431.75,7495,421,17.8,5680
2022-08-24,431.35,444.6,426.0,441.55,5744,458,12.54,3842
2022-08-25,448.0,448.0,432.35,434.85,3740,326,11.47,2494
2022-08-26,441.0,441.65,427.05,432.75,11520,738,15.61,8483
2022-08-29,428.0,504.9,423.2,478.1,134841,7805,17.28,51260
2022-08-30,485.7,501.0,484.95,494.2,40930,2441,16.77,25065
2022-09-01,495.0,509.0,476.6,481.85,33871,2879,11.76,15486
2022-09-02,481.85,490.05,460.9,471.3,11470,960,11.95,6412
2022-09-05,462.0,496.0,462.0,490.2,14823,1476,10.04,7685
2022-09-06,493.9,496.0,485.5,490.1,15551,742,20.96,6971
2022-09-07,480.0,493.0,480.0,485.9,14627,761,19.22,9094
2022-09-08,493.1,494.0,477.0,478.25,3798,471,8.06,2041
2022-09-09,477.0,484.5,473.0,479.05,2762,322,8.58,1525
2022-09-12,490.0,490.0,472.1,476.5,11595,596,19.45,8381
2022-09-13,483.0,483.0,450.5,453.65,28363,1391,20.39,19156
2022-09-14,450.5,480.0,450.5,474.3,12133,1016,11.94,6873
2022-09-15,474.9,525.3,470.55,509.25,54383,3688,14.75,36246
2022-09-16,515.0,525.5,481.15,490.35,25077,2484,10.1,12933
2022-09-19,495.0,514.0,486.95,505.55,17224,1681,10.25,8603
2022-09-20,513.05,540.0,509.95,524.4,29721,2418,12.29,15311
2022-09-21,524.95,556.4,518.0,533.05,43223,3280,13.18,20851
2022-09-22,540.0,554.0,530.75,549.7,28806,1674,17.21,17721
2022-09-23,555.0,559.0,518.25,524.9,27462,2161,12.71,15751
2022-09-26,520.85,520.85,494.4,505.55,12410,1093,11.35,6524
2022-09-27,504.65,514.05,494.8,497.05,7492,845,8.87,3968
2022-09-28,494.3,504.05,486.3,490.7,9108,846,10.77,5141
2022-09-29,490.0,500.6,470.2,476.95,8223,744,11.05,4242
2022-09-30,481.45,487.0,471.05,486.25,3011,340,8.86,1763
2022-10-03,480.9,485.0,472.3,480.8,4473,345,12.97,2713
2022-10-04,484.7,494.8,480.0,485.2,9200,667,13.79,3937
2022-10-06,492.45,552.3,488.25,529.4,61101,5465,11.18,22977
2022-10-07,515.0,534.7,515.0,523.3,12690,1034,12.27,7844
2022-10-10,527.5,533.9,517.1,523.55,7616,666,11.44,4450
2022-10-11,528.7,533.75,520.85,524.8,12895,702,18.37,9059
2022-10-12,524.4,532.45,509.5,515.6,11040,911,12.12,5646
2022-10-13,520.4,527.95,518.0,519.0,11409,735,15.52,6653
2022-10-14,526.75,550.0,523.6,543.85,25439,1729,14.71,14423
2022-10-17,551.9,575.0,545.0,561.45,98443,4583,21.48,53648
2022-10-18,561.45,578.0,545.2,550.45,24742,1897,13.04,11745
2022-10-19,548.0,557.25,535.5,538.4,7850,806,9.74,4161
2022-10-20,545.0,568.0,528.5,551.45,23209,1851,12.54,11025
2022-10-21,559.65,584.75,552.1,573.55,45056,2900,15.54,24307
2022-10-24,595.2,599.0,585.3,593.55,23245,1071,21.7,15032
2022-10-25,585.0,602.0,581.55,600.65,24538,1917,12.8,10690
2022-10-27,602.0,602.0,583.95,594.0,18598,1666,11.16,8303
2022-10-28,599.65,614.8,589.2,593.25,49899,3497,14.27,21264
2022-10-31,609.8,671.4,602.0,656.95,179503,10249,17.51,67324
2022-11-01,652.9,669.0,627.0,660.65,66455,5353,12.41,28224
2022-11-02,663.8,663.8,630.7,637.7,31466,2238,14.06,17261
2022-11-03,630.0,653.95,630.0,641.3,24279,2484,9.77,14440
2022-11-04,650.85,653.0,632.6,640.9,17494,1628,10.75,6626
2022-11-07,648.5,649.25,630.05,632.4,11943,1401,8.52,6289
2022-11-09,644.0,692.8,633.05,673.7,93558,6192,15.11,37353
2022-11-10,630.2,638.45,608.0,613.6,84583,5506,15.36,49650
2022-11-11,612.0,641.4,607.05,612.25,26938,3098,8.7,13644
2022-11-14,612.0,618.9,553.85,588.3,45567,4238,10.75,22700
2022-11-15,588.0,604.0,575.55,588.05,14038,4238,3.31,22700
2022-11-16,585.0,587.65,562.0,565.6,31493,2513,12.53,14701
2022-11-17,565.6,575.5,550.05,552.7,13104,1271,10.31,6485
2022-11-18,560.0,563.6,541.15,543.7,16797,1798,9.34,9760
2022-11-21,538.9,543.9,528.0,533.1,13001,1161,11.2,5862
2022-11-22,533.2,544.5,523.95,531.25,12987,1002,12.96,6755
2022-11-23,538.15,541.0,526.95,533.6,6648,708,9.39,3069
2022-11-24,531.6,568.8,531.6,556.4,61214,4486,13.65,40961
2022-11-25,565.8,580.0,546.1,551.35,35296,4067,8.68,11953
2022-11-28,551.35,563.75,548.75,556.35,29614,2637,11.23,11800
2022-11-29,563.75,563.75,545.55,548.3,13180,952,13.84,7167
2022-11-30,554.05,570.0,554.0,560.7,39167,2173,18.02,22359
2022-12-01,566.3,568.75,560.0,560.9,31704,1272,24.92,22925
2022-12-02,569.0,569.0,560.0,565.5,18061,662,27.28,13976
2022-12-05,572.0,572.0,560.0,564.85,15737,2228,7.06,10691
2022-12-06,559.45,565.8,558.25,560.0,13672,436,31.36,11907
2022-12-07,568.35,584.3,561.8,571.35,35593,2546,13.98,15467
2022-12-08,578.95,578.95,560.0,563.65,5680,759,7.48,3022
2022-12-09,563.6,575.95,560.0,560.75,12700,883,14.38,8918
2022-12-12,563.3,578.1,560.0,576.9,22929,1247,18.39,14344
2022-12-13,572.2,625.0,572.2,607.1,98924,4563,21.68,44664
2022-12-14,608.8,638.95,599.3,632.0,44012,3340,13.18,21012
2022-12-15,637.55,638.0,605.3,621.05,31046,1937,16.03,19260
2022-12-16,630.35,630.35,602.7,620.1,19571,1699,11.52,10687
2022-12-19,618.1,676.9,618.1,647.0,73863,4744,15.57,29981
2022-12-20,646.9,679.0,635.05,673.75,39166,2919,13.42,20075
2022-12-21,679.85,686.0,609.1,642.2,77521,7731,10.03,38110
2022-12-22,651.75,668.0,617.5,637.4,59186,5810,10.19,30978
2022-12-23,629.0,642.95,603.75,612.65,25749,2049,12.57,15517
2022-12-26,603.45,639.5,603.45,631.45,14951,1633,9.16,8705
2022-12-27,634.9,757.7,624.5,752.6,464420,19861,23.38,102140
2022-12-28,764.0,791.1,735.0,743.65,409855,23813,17.21,70157
2022-12-29,759.0,759.0,713.35,721.05,91632,6570,13.95,21570
2022-12-30,726.0,728.55,711.25,716.5,32330,3461,9.34,13540
2023-01-02,718.5,729.5,701.05,707.2,27300,3118,8.76,10170
2023-01-03,707.2,723.95,683.65,689.3,36273,2622,13.83,20992
2023-01-04,690.0,734.85,682.05,724.55,177394,11446,15.5,52804
2023-01-05,738.85,743.95,728.15,732.8,50727,3883,13.06,15869
2023-01-06,738.65,747.45,712.0,722.25,48831,3719,13.13,18988
2023-01-09,724.0,724.85,702.05,708.9,15962,1756,9.09,5374
2023-01-10,707.0,725.0,701.6,708.3,29534,2819,10.48,15451
2023-01-11,708.0,713.45,686.55,692.45,21365,3270,6.53,10650
2023-01-12,699.35,723.65,685.1,691.15,35410,3935,9.0,16702
2023-01-13,685.0,688.75,648.0,673.55,49033,6248,7.85,18036
2023-01-16,673.85,703.3,659.2,690.65,26761,4319,6.2,7179
2023-01-17,680.3,696.35,673.15,679.65,10540,1546,6.82,3873
2023-01-18,679.45,684.95,666.9,670.7,6750,1094,6.17,3319
2023-01-19,666.05,681.45,661.0,666.35,10496,1659,6.33,4252
2023-01-20,660.2,678.3,651.0,656.15,6559,1054,6.22,2844
2023-01-23,661.4,667.35,656.0,658.35,9249,1612,5.74,3251
2023-01-24,657.0,667.4,636.05,640.65,9842,1752,5.62,5406
2023-01-25,641.0,648.7,620.3,638.8,7996,1474,5.42,3805
2023-01-27,638.55,648.0,624.5,637.85,16955,1571,10.79,11030
2023-01-30,625.05,647.25,618.05,625.9,9232,1550,5.96,3363
2023-01-31,628.15,659.0,628.15,652.8,9508,1271,7.48,5261
2023-02-01,658.0,660.35,611.0,624.65,10692,1552,6.89,5556
2023-02-02,622.0,640.05,615.65,629.0,9769,1136,8.6,5670
2023-02-03,627.3,669.0,621.8,659.0,9888,1041,9.5,6286
2023-02-06,651.05,669.8,651.05,661.75,6843,1003,6.82,3072
2023-02-07,662.95,665.45,634.0,652.9,7264,868,8.37,3918
2023-02-08,635.0,635.0,562.0,589.55,108268,7856,13.78,40385
2023-02-09,604.7,604.7,574.1,585.65,22377,2166,10.33,7596
2023-02-10,593.35,593.35,580.0,585.5,9337,856,10.91,6428
2023-02-13,580.25,590.8,580.25,585.05,8716,888,9.82,6509
2023-02-14,592.65,592.65,569.0,585.2,12083,1332,9.07,6721
2023-02-15,576.4,607.9,576.4,598.25,12246,2475,4.95,7083
2023-02-16,598.2,600.0,578.9,589.35,4322,742,5.82,2589
2023-02-17,588.7,618.6,588.7,612.75,15051,2360,6.38,6196
2023-02-20,618.9,618.9,594.0,595.1,4664,695,6.71,2354
2023-02-21,591.2,603.95,580.0,581.3,7228,610,11.85,4229
2023-02-22,588.9,593.15,573.8,579.95,15456,648,23.85,12207
2023-02-23,585.5,585.55,562.2,567.45,7901,645,12.25,5772
2023-02-24,574.85,579.9,566.05,569.9,1892,353,5.36,908
2023-02-27,570.5,570.5,545.0,549.45,8538,925,9.23,4698
2023-02-28,574.9,579.8,557.0,567.95,21734,4487,4.84,10935
2023-03-01,566.65,567.65,530.0,554.55,31517,2247,14.03,17882
2023-03-02,552.7,562.0,548.05,556.15,15830,2225,7.11,4736
2023-03-03,553.05,565.9,547.4,550.3,9375,960,9.77,4866
2023-03-06,550.3,598.5,547.9,586.95,20412,1666,12.25,9984
2023-03-08,585.05,585.05,565.65,571.3,15186,1196,12.7,10885
2023-03-09,578.5,578.5,564.0,565.6,5900,553,10.67,3701
2023-03-10,565.05,568.75,533.0,544.0,41180,2531,16.27,29388
2023-03-13,544.7,547.5,505.0,511.6,30019,3136,9.57,17759
2023-03-14,518.3,523.95,496.85,508.75,24569,2275,10.8,17589
2023-03-15,513.5,532.4,511.65,517.95,21231,1789,11.87,11136
2023-03-16,523.15,523.15,507.6,512.7,9186,1051,8.74,6230
2023-03-17,515.0,570.0,513.05,556.8,110729,6900,16.05,53957
2023-03-20,559.5,587.0,545.55,563.4,20677,2218,9.32,9894
2023-03-21,570.8,590.0,555.1,586.25,27368,2495,10.97,16135
2023-03-22,586.95,594.5,577.65,579.35,22288,1433,15.55,16980
2023-03-23,591.05,655.0,591.05,616.9,179351,14237,12.6,40991
2023-03-24,611.05,637.9,611.05,619.3,36169,3390,10.67,15558
2023-03-27,625.5,727.8,619.55,682.2,163027,10413,15.66,48401
2023-03-28,676.0,729.7,665.65,700.2,208102,14141,14.72,41299
2023-03-29,689.7,696.0,662.2,680.4,36632,3693,9.92,13429
2023-03-31,670.35,719.4,663.05,705.25,47118,5331,8.84,19336
2023-04-03,701.0,774.8,701.0,766.4,110168,8222,13.4,44354
2023-04-05,754.9,760.0,745.15,752.45,36197,2679,13.51,20367
2023-04-06,750.0,765.0,738.75,751.45,18521,1132,16.36,14658
2023-04-10,744.05,774.0,727.0,746.8,14123,1311,10.77,7443
2023-04-11,746.0,755.95,740.15,741.4,6220,626,9.94,4445
2023-04-12,736.0,746.9,708.95,714.3,16528,1219,13.56,10265
2023-04-13,714.35,729.9,714.35,725.4,4665,364,12.82,3403
2023-04-17,729.95,785.0,720.15,761.2,20860,2345,8.9,11803
2023-04-18,761.2,810.0,755.0,790.25,98177,5518,17.79,55202
2023-04-19,790.9,798.25,778.0,789.35,10714,1208,8.87,4864
2023-04-20,780.05,795.3,776.05,785.4,5228,661,7.91,2741
2023-04-21,789.0,797.0,765.0,777.25,12156,940,12.93,7716
2023-04-24,770.05,783.95,738.0,740.45,19793,2373,8.34,10936
2023-04-25,745.05,759.95,745.05,749.0,9005,967,9.31,5314
2023-04-26,754.1,763.8,744.6,755.85,8359,683,12.24,5258
2023-04-27,760.0,761.95,717.7,749.75,28512,1599,17.83,14417
2023-04-28,750.0,773.9,742.0,759.35,15075,988,15.26,9272
2023-05-02,751.0,768.8,732.0,738.85,8558,1289,6.64,5014
2023-05-03,744.45,825.0,736.0,784.45,144646,10955,13.2,41812
2023-05-04,790.0,794.95,760.2,770.75,31999,3337,9.59,16015
2023-05-05,765.35,803.05,762.55,799.3,32216,3216,10.02,17547
2023-05-08,785.5,811.0,785.3,793.85,26596,3147,8.45,13340
2023-05-09,793.85,807.0,770.2,775.0,20529,2600,7.9,10705
2023-05-10,781.2,794.95,772.2,788.95,7869,1333,5.9,4609
2023-05-11,788.95,799.8,776.0,785.45,5568,1143,4.87,2705
2023-05-12,791.75,829.0,779.3,790.8,56170,5547,10.13,23747
2023-05-15,794.0,808.0,767.25,772.6,31043,3722,8.34,14068
2023-05-16,771.0,784.0,761.4,771.2,11735,1733,6.77,6478
2023-05-17,773.05,801.0,768.3,793.2,25774,2548,10.12,12549
2023-05-18,797.8,799.8,777.75,786.1,7961,1475,5.4,3861
2023-05-19,790.05,849.7,787.0,834.15,106528,8939,11.92,47246
2023-05-22,775.0,836.0,775.0,810.25,79285,7098,11.17,29721
2023-05-23,815.0,847.0,805.95,813.8,62073,7732,8.03,26784
2023-05-24,813.8,830.1,804.25,811.45,23873,2983,8.0,7406
2023-05-25,811.0,827.0,805.05,810.2,14152,2060,6.87,7457
2023-05-26,808.0,823.7,805.5,811.05,14996,1631,9.19,9757
2023-05-29,905.0,973.25,905.0,973.25,180190,4126,43.67,122552
2023-05-30,1015.0,1079.65,1012.2,1035.6,449142,28756,15.62,110747
2023-05-31,1034.45,1064.9,1007.0,1028.4,83741,9307,9.0,23513
2023-06-01,1035.0,1204.95,1032.8,1123.0,195843,12791,15.31,83526
2023-06-02,1140.0,1160.0,1092.0,1106.6,45912,4862,9.44,18653
2023-06-05,1139.0,1140.0,1060.5,1129.15,48089,3987,12.06,25658
2023-06-06,1144.0,1160.5,1110.0,1155.05,34707,3055,11.36,18535
2023-06-07,1159.95,1220.0,1157.2,1192.65,85252,5368,15.88,61217
2023-06-08,1192.65,1200.0,1165.0,1178.8,98935,4408,22.44,84928
2023-06-09,1190.0,1195.0,1150.2,1165.95,15159,2764,5.48,7368
2023-06-12,1165.0,1230.0,1164.85,1224.1,50346,4680,10.76,32884
2023-06-13,1238.9,1312.1,1224.05,1232.9,94105,10611,8.87,49929
2023-06-14,1251.35,1273.45,1169.8,1192.2,41976,5970,7.03,20718
2023-06-15,1180.05,1198.95,1155.2,1164.3,24372,3297,7.39,14971
2023-06-16,1169.0,1222.0,1168.95,1215.35,26485,2671,9.92,15086
2023-06-19,1237.25,1305.6,1201.0,1296.3,47741,5569,8.57,25504
2023-06-20,1323.25,1363.5,1288.6,1328.9,66884,6826,9.8,38098
2023-06-21,1330.0,1357.45,1231.0,1250.8,51229,6982,7.34,29444
2023-06-22,1262.25,1340.0,1257.05,1273.9,51474,7663,6.72,21944
2023-06-23,1284.9,1308.3,1210.05,1232.05,45940,5843,7.86,23086
2023-06-26,1249.25,1365.0,1242.05,1336.55,62188,6327,9.83,42337
2023-06-27,1365.0,1411.85,1329.15,1361.4,54043,8203,6.59,24707
2023-06-28,1366.0,1397.0,1313.05,1346.2,33316,5363,6.21,16049
2023-06-30,1371.65,1391.5,1314.2,1383.05,31772,5135,6.19,15996
2023-07-03,1400.0,1420.0,1360.0,1376.65,28695,4835,5.93,13008
2023-07-04,1397.0,1410.0,1331.0,1341.95,17328,3071,5.64,8113
2023-07-05,1354.0,1377.9,1345.0,1357.1,12080,2205,5.48,7129
2023-07-06,1360.0,1370.5,1320.0,1327.85,16134,2624,6.15,10754
2023-07-07,1336.2,1365.0,1284.3,1318.5,27972,4514,6.2,15244
2023-07-10,1310.0,1344.95,1256.65,1272.2,24120,4568,5.28,13750
2023-07-11,1283.2,1370.0,1281.3,1352.1,44627,10865,4.11,23410
2023-07-12,1370.0,1471.45,1355.0,1391.6,53351,7206,7.4,27034
2023-07-13,1391.8,1426.95,1365.0,1378.95,33846,4154,8.15,21910
2023-07-14,1379.0,1430.4,1374.95,1400.65,31235,7670,4.07,20223
2023-07-17,1414.85,1520.0,1385.0,1395.65,23464,4232,5.54,13692
2023-07-18,1409.85,1423.0,1363.1,1397.4,21643,3668,5.9,14570
2023-07-19,1421.0,1452.75,1400.2,1409.9,41507,4608,9.01,27995
2023-07-20,1434.95,1445.0,1383.0,1388.2,24779,2927,8.47,18204
2023-07-21,1408.6,1410.0,1389.95,1402.65,13534,2296,5.89,7930
2023-07-24,1429.25,1434.85,1375.0,1387.05,20421,3851,5.3,10991
2023-07-25,1388.0,1448.2,1388.0,1431.0,19574,3720,5.26,12355
2023-07-26,1451.0,1454.95,1429.05,1439.45,16565,2727,6.07,10770
2023-07-27,1455.0,1460.0,1421.75,1438.0,10510,2404,4.37,5841
2023-07-28,1441.0,1459.85,1422.25,1449.1,14113,2484,5.68,7454
2023-07-31,1473.25,1495.0,1449.1,1466.3,40279,5578,7.22,22593
2023-08-01,1484.4,1523.5,1453.6,1467.85,37169,5511,6.74,20766
2023-08-02,1483.65,1483.65,1416.1,1423.75,29544,4862,6.08,17953
2023-08-03,1447.25,1499.0,1436.85,1449.7,38275,5463,7.01,23218
2023-08-04,1464.85,1555.0,1446.15,1523.85,26548,3772,7.04,17187
2023-08-07,1569.95,1630.0,1530.0,1603.2,45677,5061,9.03,28720
2023-08-08,1644.0,1696.5,1588.05,1601.0,27138,5117,5.3,15777
2023-08-09,1601.25,1617.0,1553.1,1567.15,21257,4189,5.07,12996
2023-08-10,1582.6,1613.95,1550.0,1558.4,14163,3601,3.93,8063
2023-08-11,1580.0,1587.0,1459.0,1474.5,32632,5668,5.76,21279
2023-08-14,1371.1,1399.85,1244.2,1377.85,140001,14093,9.93,68556
2023-08-16,1400.45,1498.0,1385.35,1461.0,35031,6543,5.35,15856
2023-08-17,1510.85,1520.0,1400.0,1412.65,40824,7512,5.43,22357
2023-08-18,1412.0,1432.0,1384.35,1401.05,21728,5293,4.11,10728
2023-08-21,1418.75,1437.0,1372.0,1397.4,17772,4776,3.72,8757
2023-08-22,1412.9,1471.9,1401.05,1439.2,36605,6747,5.43,17451
2023-08-23,1490.0,1698.0,1480.85,1643.45,203664,22797,8.93,93006
2023-08-24,1844.0,1948.65,1736.7,1766.95,590784,46329,12.75,246475
2023-08-25,1790.0,1829.45,1722.0,1734.25,112574,14077,8.0,40120
2023-08-28,1745.0,1767.05,1650.0,1664.45,48306,6389,7.56,24362
2023-08-29,1678.9,1685.0,1609.75,1624.6,51550,5895,8.74,27869
2023-08-30,1653.4,1653.4,1590.0,1610.0,33927,4857,6.99,19389
2023-08-31,1591.0,1610.0,1540.0,1573.7,13962,1806,7.73,13962
2023-09-01,1580.0,1652.35,1580.0,1652.35,16520,1371,12.05,16520
2023-09-04,1684.0,1697.85,1620.0,1634.4,14983,1667,8.99,14983
2023-09-05,1605.5,1674.4,1602.1,1619.45,11688,1389,8.41,11688
2023-09-06,1620.1,1654.0,1600.0,1647.8,15750,1030,15.29,15750
2023-09-07,1650.0,1665.0,1607.4,1628.0,10397,848,12.26,10397
2023-09-08,1648.3,1649.0,1600.0,1620.95,6961,763,9.12,6961
2023-09-11,1615.0,1625.0,1590.0,1596.9,10043,1231,8.16,10043
2023-09-12,1609.0,1624.5,1517.05,1522.65,11429,1636,6.99,11429
2023-09-13,1522.0,1575.0,1446.55,1517.5,14805,1359,10.89,14805
2023-09-14,1582.0,1582.0,1506.25,1541.75,6840,547,12.5,6840
2023-09-15,1558.0,1569.8,1507.0,1519.45,3870,670,5.78,3870
2023-09-18,1519.45,1550.0,1502.2,1512.45,5707,660,8.65,5707
2023-09-20,1528.0,1528.0,1473.0,1486.75,5813,721,8.06,5813
2023-09-21,1486.75,1510.0,1435.0,1443.25,9794,1106,8.86,9794
2023-09-22,1470.0,1475.85,1410.25,1418.25,6194,754,8.21,6194
2023-09-25,1418.25,1418.25,1366.0,1378.55,11990,1227,9.77,11990
2023-09-26,1398.5,1405.05,1370.05,1389.85,10843,936,11.58,10843
2023-09-27,1390.0,1405.0,1379.85,1390.65,5394,838,6.44,5394
2023-09-28,1398.9,1399.65,1350.0,1377.6,8936,899,9.94,8936
2023-09-29,1380.0,1446.45,1380.0,1446.45,18235,1002,18.2,18235
2023-10-03,1446.45,1494.0,1430.0,1475.6,10391,982,10.58,10391
2023-10-04,1470.0,1485.6,1401.85,1402.9,11759,1492,7.88,11759
2023-10-05,1418.0,1430.0,1389.0,1400.4,6550,729,8.98,6550
2023-10-06,1425.0,1470.4,1402.65,1470.4,16558,1082,15.3,16558
2023-10-09,1413.1,1498.0,1412.1,1436.1,9208,1265,7.28,9208
2023-10-10,1436.1,1504.9,1436.1,1450.9,6168,725,8.51,6168
2023-10-11,1460.0,1480.0,1425.0,1443.75,4721,572,8.25,4721
2023-10-12,1441.75,1463.0,1430.0,1441.9,1980,355,5.58,1980
2023-10-13,1441.9,1461.9,1411.1,1444.6,4238,438,9.68,4238
2023-10-16,1443.9,1457.8,1410.0,1431.25,15710,785,20.01,15710
2023-10-17,1431.25,1453.95,1420.0,1431.75,5472,541,10.11,5472
2023-10-18,1449.7,1450.0,1411.0,1427.6,4449,599,7.43,4449
2023-10-19,1422.0,1447.6,1411.0,1424.65,4067,544,7.48,4067
2023-10-20,1420.0,1449.75,1390.0,1400.25,11787,765,15.41,11787
2023-10-23,1400.25,1424.9,1353.0,1394.5,7594,1091,6.96,7594
2023-10-25,1398.9,1398.9,1324.8,1339.5,7224,1179,6.13,7224
2023-10-26,1300.0,1350.0,1273.0,1333.7,9058,1210,7.49,9058
2023-10-27,1330.0,1400.0,1300.8,1382.1,6207,633,9.81,6207
2023-10-30,1379.95,1400.0,1323.3,1395.6,6387,661,9.66,6387
2023-10-31,1397.75,1397.75,1361.35,1378.95,2762,385,7.17,2762
2023-11-01,1380.0,1400.95,1355.85,1399.4,6205,443,14.01,6205
2023-11-02,1400.0,1410.4,1380.0,1395.05,3622,400,9.06,3622
2023-11-03,1363.8,1410.0,1363.8,1384.65,7527,986,7.63,7527
2023-11-06,1385.0,1429.0,1379.0,1397.15,15767,850,18.55,15767
2023-11-07,1412.0,1412.0,1380.0,1396.55,12284,689,17.83,12284
2023-11-08,1405.0,1405.0,1370.05,1397.9,6626,670,9.89,6626
2023-11-09,1399.95,1409.0,1375.05,1394.35,11223,643,17.45,11223
2023-11-10,1376.0,1400.0,1324.65,1398.1,20161,928,21.73,20161
2023-11-12,1413.9,1445.0,1390.1,1428.0,8345,750,11.13,8345
2023-11-13,1431.95,1448.9,1381.15,1421.65,24404,813,30.02,24404
2023-11-15,1421.65,1465.0,1410.55,1431.95,10461,700,14.94,10461
2023-11-16,1431.95,1465.0,1415.0,1456.05,5359,628,8.53,5359
2023-11-17,1456.0,1475.25,1416.05,1471.35,7174,550,13.04,7174
2023-11-20,1469.35,1484.0,1446.0,1469.5,7450,696,10.7,7450
2023-11-21,1469.5,1484.0,1451.4,1478.3,3943,429,9.19,3943
2023-11-22,1483.3,1483.95,1405.0,1433.35,9384,620,15.14,9384
2023-11-23,1469.45,1475.0,1433.25,1463.7,4281,518,8.26,4281
2023-11-24,1483.7,1483.7,1451.0,1461.75,4819,508,9.49,4819
2023-11-28,1410.1,1484.0,1410.1,1448.8,6230,668,9.33,6230
2023-11-29,1482.0,1482.0,1450.0,1467.8,4340,469,9.25,4340
2023-11-30,1467.8,1482.0,1426.35,1464.35,3848,545,7.06,3848
2023-12-01,1460.0,1481.0,1450.45,1455.2,4097,617,6.64,4097
2023-12-04,1406.15,1474.0,1406.15,1433.55,19841,1041,19.06,16871
2023-12-05,1449.95,1460.0,1411.95,1433.65,6837,1526,4.48,3788
2023-12-06,1445.85,1448.9,1400.0,1408.75,7654,1500,5.1,4762
2023-12-07,1426.0,1440.0,1386.15,1430.45,10121,1484,6.82,6037
2023-12-08,1444.85,1450.0,1359.0,1402.15,11227,1661,6.76,6798
2023-12-11,1439.0,1439.0,1370.6,1381.2,8414,1603,5.25,5053
2023-12-12,1380.1,1398.95,1356.0,1371.9,10755,1506,7.14,7275
2023-12-13,1397.95,1409.0,1350.1,1401.25,8414,1155,7.28,6416
2023-12-14,1401.25,1438.0,1391.85,1410.9,12410,1143,10.86,8721
2023-12-15,1388.1,1420.0,1380.0,1384.85,9053,1169,7.74,6691
2023-12-18,1398.95,1437.0,1378.0,1387.5,13316,1554,8.57,8270
2023-12-19,1387.5,1398.7,1361.0,1376.6,12597,1299,9.7,9148
2023-12-20,1376.6,1405.4,1361.0,1373.25,11573,1630,7.1,7178
2023-12-21,1363.8,1383.95,1363.0,1368.0,8394,1028,8.17,6468
2023-12-22,1398.9,1399.0,1370.05,1373.75,5551,913,6.08,3782
2023-12-26,1373.75,1380.0,1341.15,1368.55,8783,1200,7.32,6054
2023-12-27,1368.55,1389.0,1361.0,1367.15,6479,1057,6.13,4386
2023-12-28,1367.5,1393.7,1361.0,1370.3,6422,812,7.91,4749
2023-12-29,1380.0,1401.0,1343.05,1348.85,11030,1148,9.61,8716
2024-01-01,1348.85,1485.95,1348.85,1465.95,36102,5210,6.93,18834
2024-01-02,1489.0,1490.0,1417.85,1457.5,12323,3050,4.04,6251
2024-01-03,1471.95,1487.0,1410.05,1435.0,9751,2455,3.97,4088
2024-01-04,1432.05,1599.0,1425.0,1582.8,81736,14530,5.63,37615
2024-01-05,1598.0,1605.0,1522.55,1545.3,27061,5183,5.22,13642
2024-01-08,1557.6,1565.0,1475.0,1486.8,20707,4783,4.33,12595
2024-01-09,1489.0,1535.0,1470.1,1479.4,10852,2106,5.15,5309
2024-01-10,1460.8,1527.0,1450.05,1460.3,12754,3116,4.09,7754
2024-01-11,1462.35,1484.3,1451.0,1468.9,6467,1736,3.73,3836
2024-01-12,1479.0,1499.9,1462.95,1487.45,8191,1941,4.22,4977
2024-01-15,1500.0,1529.9,1461.75,1475.75,14256,3019,4.72,7636
2024-01-16,1485.2,1485.95,1411.0,1428.5,20704,3753,5.52,10275
2024-01-17,1426.95,1438.95,1391.0,1426.9,12686,2986,4.25,7622
2024-01-18,1425.0,1438.9,1368.0,1427.55,12302,2555,4.81,7033
2024-01-19,1427.55,1505.0,1425.0,1460.35,17449,3296,5.29,8090
2024-01-20,1460.35,1519.0,1440.1,1450.0,7240,1825,3.97,3947
2024-01-23,1489.95,1512.9,1390.0,1409.6,14870,3078,4.83,8722
2024-01-24,1430.0,1540.0,1394.6,1502.55,61701,7123,8.66,40333
2024-01-25,1509.95,1560.9,1502.05,1552.8,25720,4646,5.54,14556
2024-01-29,1552.8,1570.0,1510.05,1552.65,20773,4404,4.72,10582
2024-01-30,1560.0,1572.65,1503.8,1532.8,15429,3452,4.47,7746
2024-01-31,1532.8,1650.0,1515.0,1609.85,41019,7624,5.38,23278
2024-02-01,1624.9,1627.85,1590.05,1620.25,19876,5234,3.8,10989
2024-02-02,1644.55,1679.4,1607.5,1662.8,33921,6348,5.34,22481
2024-02-05,1662.8,1779.95,1648.55,1737.0,45568,8390,5.43,24937
2024-02-06,1737.0,1754.4,1677.0,1687.15,31144,5501,5.66,19666
2024-02-07,1717.3,1749.0,1675.1,1734.7,37821,4793,7.89,21384
2024-02-08,1835.0,1909.9,1715.25,1727.15,217094,23625,9.19,86155
2024-02-09,1740.05,1754.95,1575.9,1597.4,73687,14760,4.99,38513
2024-02-12,1600.0,1630.0,1452.55,1485.8,57549,10842,5.31,24528
2024-02-13,1496.55,1539.0,1442.95,1450.5,47785,6769,7.06,28010
2024-02-14,1441.0,1514.0,1435.05,1484.05,37772,5048,7.48,24311
2024-02-15,1500.0,1619.0,1499.45,1598.35,38238,6949,5.5,20080
2024-02-16,1620.95,1679.0,1606.55,1651.7,26648,4745,5.62,13216
2024-02-19,1674.95,1697.95,1626.55,1650.4,21151,2453,8.62,14909
2024-02-20,1650.45,1879.8,1605.5,1849.45,158722,23714,6.69,76818
2024-02-21,1812.35,1850.0,1726.4,1778.75,46862,8069,5.81,16393
2024-02-22,1819.0,1864.9,1706.7,1759.2,27399,2875,9.53,13227
2024-02-23,1706.05,1945.0,1706.05,1917.15,102503,8189,12.52,51816
2024-02-26,1924.55,1980.0,1824.35,1928.25,67451,6080,11.09,36460
2024-02-27,1917.15,2011.05,1872.1,1897.55,54203,5182,10.46,25386
2024-02-28,1902.0,1955.8,1869.15,1931.2,32339,3722,8.69,22719
2024-02-29,1917.6,1917.6,1781.05,1836.25,36338,3613,10.06,14642
2024-03-01,1853.95,1873.4,1817.0,1843.5,16977,4035,4.21,8697
2024-03-02,1843.05,1900.65,1815.0,1870.75,2684,456,5.89,1932
2024-03-04,1876.1,1930.0,1830.05,1848.9,15066,4601,3.27,7352
2024-03-05,1848.9,1950.0,1836.15,1861.2,28029,6627,4.23,10309
2024-03-06,1975.0,1985.0,1801.0,1821.7,133556,22434,5.95,29183
2024-03-07,1824.75,1831.0,1770.05,1781.45,66811,11324,5.9,27685
2024-03-11,1790.2,1819.85,1602.7,1628.6,52166,10337,5.05,29365
2024-03-12,1627.0,1682.9,1490.75,1536.3,52162,12135,4.3,23984
2024-03-13,1551.65,1587.5,1412.05,1433.5,58195,11630,5.0,33773
2024-03-14,1439.95,1706.25,1427.0,1643.65,87723,17845,4.92,25791
2024-03-15,1645.0,1693.85,1536.0,1653.3,54777,10517,5.21,20200
2024-03-18,1671.45,1697.5,1629.15,1682.35,36528,6358,5.75,18028
2024-03-19,1682.35,1729.65,1605.0,1623.75,20030,5044,3.97,7563
2024-03-20,1622.7,1638.7,1572.3,1600.55,27042,5902,4.58,14349
2024-03-21,1608.55,1656.55,1605.0,1618.55,9938,2944,3.38,4491
2024-03-22,1581.6,1646.9,1570.0,1629.9,23683,5845,4.05,9288
2024-03-26,1605.45,1675.0,1605.45,1638.15,12888,3179,4.05,5339
2024-03-27,1653.0,1724.9,1642.55,1698.4,31720,5231,6.06,18930
2024-03-28,1716.9,1722.1,1670.0,1683.75,10322,2612,3.95,5026
2024-04-01,1697.85,1803.0,1684.05,1766.8,26784,6599,4.06,11975
2024-04-02,1770.0,1808.85,1756.0,1773.25,14273,4651,3.07,6529
2024-04-03,1787.0,1810.5,1744.95,1750.15,23166,6191,3.74,12583
2024-04-04,1762.45,1800.0,1682.15,1703.3,28541,5415,5.27,18126
2024-04-05,1703.3,1774.65,1681.0,1747.5,30331,7252,4.18,15325
2024-04-08,1770.0,1785.0,1702.75,1750.3,17012,4653,3.66,5814
2024-04-09,1759.05,1799.0,1700.25,1718.65,21873,5925,3.69,8508
2024-04-10,1719.0,1734.95,1668.0,1693.05,31040,5747,5.4,14177
2024-04-12,1691.0,1745.0,1688.0,1720.3,19020,4676,4.07,9461
2024-04-15,1685.85,1710.0,1606.5,1682.45,47754,7132,6.7,25308
2024-04-16,1680.0,1712.0,1650.0,1703.45,16242,3354,4.84,8186
2024-04-18,1719.0,1869.9,1680.0,1792.55,71706,14588,4.92,27198
2024-04-19,1800.0,1847.0,1739.9,1828.15,53265,12218,4.36,16747
2024-04-22,1855.55,1949.95,1828.15,1873.7,72766,13029,5.58,27633
2024-04-23,1888.7,2035.85,1863.2,2016.9,91704,17682,5.19,36150
2024-04-24,2032.0,2085.0,1884.2,1902.65,77356,16158,4.79,27691
2024-04-25,1917.45,2042.75,1917.45,1992.35,59434,12042,4.94,20286
2024-04-26,2002.25,2069.95,1982.1,2055.75,70515,13723,5.14,37439
2024-04-29,2076.4,2099.0,2007.1,2044.95,50174,13548,3.7,19067
2024-04-30,2029.8,2071.0,2007.55,2028.1,23968,6465,3.71,8580
2024-05-02,2038.8,2047.0,1958.3,1962.1,18655,5194,3.59,9424
2024-05-03,1978.75,2087.0,1945.0,2069.65,37562,6583,5.71,18950
2024-05-06,2078.8,2089.65,1965.0,1978.3,23974,5336,4.49,10847
2024-05-07,1993.0,2042.3,1880.0,1918.3,44410,10629,4.18,16946
2024-05-08,1918.3,2019.0,1895.85,2004.3,24791,6547,3.79,10703
2024-05-09,2019.95,2024.55,1833.25,1859.8,42054,8088,5.2,22048
2024-05-10,1891.05,1940.0,1870.6,1907.4,21991,6038,3.64,8403
2024-05-13,1907.0,1947.8,1824.1,1869.1,20883,5722,3.65,9289
2024-05-14,1878.65,1899.0,1788.4,1812.55,49172,9758,5.04,23776
2024-05-15,1828.2,1838.95,1788.0,1821.6,36504,6808,5.36,20019
2024-05-16,1832.25,1869.6,1803.2,1847.8,17558,4542,3.87,8644
2024-05-17,1854.7,1942.35,1820.55,1896.7,35158,6197,5.67,19031
2024-05-18,1896.0,1922.75,1864.25,1907.75,4101,538,7.62,2635
2024-05-21,1934.0,1950.95,1875.6,1882.3,21545,5361,4.02,9183
2024-05-22,1903.0,1964.1,1866.7,1941.7,70565,8753,8.06,44387
2024-05-23,1680.05,1770.0,1626.4,1687.35,377737,32359,11.67,136446
2024-05-24,1650.0,1709.0,1612.55,1684.75,116798,12742,9.17,53027
2024-05-27,1700.0,1719.0,1652.0,1670.2,34426,5039,6.83,17377
2024-05-28,1560.0,1741.95,1553.05,1704.05,202185,29983,6.74,88988
2024-05-29,1700.0,1724.0,1658.0,1696.8,51626,8634,5.98,25160
2024-05-30,1696.95,1720.0,1680.15,1710.5,26045,4968,5.24,12089
2024-05-31,1709.9,1760.85,1699.15,1749.2,48833,7931,6.16,27862
2024-06-03,1799.5,1814.95,1719.55,1752.25,30717,5682,5.41,15966
2024-06-04,1752.25,1760.0,1451.35,1552.6,98637,13107,7.53,55356
2024-06-05,1670.0,1670.0,1506.0,1587.85,26072,4786,5.45,12718
2024-06-06,1602.0,1670.0,1601.95,1639.4,13925,3595,3.87,6297
2024-06-07,1661.95,1665.45,1600.0,1615.25,32968,7041,4.68,17055
2024-06-10,1615.15,1699.0,1615.15,1695.25,35936,5984,6.01,20342
2024-06-11,1701.35,1735.95,1631.55,1679.45,48285,7209,6.7,17314
2024-06-12,1670.2,1684.0,1650.0,1665.75,11807,2844,4.15,5225
2024-06-13,1655.0,1699.0,1646.0,1653.3,19145,5068,3.78,9558
2024-06-14,1655.75,1749.0,1653.25,1715.75,58241,7320,7.96,32102
2024-06-18,1730.0,1760.7,1680.05,1695.15,31233,4680,6.67,15544
2024-06-19,1712.1,1717.1,1661.7,1669.45,12775,2630,4.86,5490
2024-06-20,1672.35,1705.35,1671.3,1683.1,17863,2142,8.34,12542
2024-06-21,1683.2,1699.9,1660.0,1677.15,12876,2934,4.39,5929
2024-06-24,1679.5,1683.0,1652.0,1668.1,9245,2014,4.59,4056
2024-06-25,1667.0,1676.4,1651.95,1664.35,13006,2234,5.82,5935
2024-06-26,1672.6,1675.0,1635.0,1646.0,9141,1965,4.65,5167
2024-06-27,1657.35,1691.2,1636.0,1640.45,20064,3401,5.9,11118
2024-06-28,1640.7,1668.0,1620.0,1645.2,7334,1338,5.48,4171
2024-07-01,1637.0,1653.4,1611.0,1648.65,15193,2046,7.43,9407
2024-07-02,1671.55,1673.2,1620.0,1630.3,12961,2473,5.24,5742
2024-07-03,1646.6,1659.0,1626.05,1647.2,20876,2716,7.69,13786
2024-07-04,1650.0,1687.3,1635.05,1670.0,35455,3736,9.49,24701
2024-07-05,1671.65,1699.0,1656.55,1666.2,23523,4068,5.78,13322
2024-07-08,1682.7,1695.0,1650.55,1689.1,15954,3004,5.31,9689
2024-07-09,1695.85,1719.0,1663.35,1684.6,15519,2773,5.6,8840
2024-07-10,1684.6,1703.95,1652.0,1672.2,33436,4848,6.9,18707
2024-07-11,1673.0,1686.25,1625.6,1631.3,28762,4168,6.9,16558
2024-07-12,1632.45,1664.0,1623.75,1647.25,16537,2704,6.12,7556
2024-07-15,1655.4,1660.0,1623.4,1646.05,18276,3858,4.74,9225
2024-07-16,1650.0,1665.0,1624.0,1631.9,9748,2123,4.59,3812
2024-07-18,1630.0,1654.6,1612.0,1624.7,11258,1996,5.64,4606
2024-07-19,1624.7,1647.6,1595.0,1632.0,15033,3466,4.34,6390
2024-07-22,1590.0,1600.0,1550.0,1554.8,31863,5716,5.57,15434
2024-07-23,1570.0,1584.0,1551.0,1563.05,13738,3049,4.51,6417
2024-07-24,1559.75,1625.0,1559.75,1620.85,12339,2175,5.67,8220
2024-07-25,1630.5,1649.0,1586.15,1616.5,13616,2636,5.17,6694
2024-07-26,1638.65,1659.95,1618.6,1640.6,11753,2645,4.44,7008
2024-07-29,1662.95,1696.0,1641.05,1687.15,19263,3655,5.27,12394
2024-07-30,1687.05,1734.95,1665.0,1677.55,23917,5062,4.72,11210
2024-07-31,1692.45,1726.65,1660.0,1720.3,14616,2952,4.95,9452
2024-08-01,1729.75,1749.0,1659.0,1680.3,17184,3780,4.55,7579
2024-08-02,1642.0,1754.0,1642.0,1691.95,28883,6294,4.59,10805
2024-08-05,1658.1,1687.55,1590.0,1609.5,19065,5863,3.25,8730
2024-08-06,1590.05,1653.6,1551.0,1573.55,21906,4124,5.31,6943
2024-08-07,1595.1,1609.95,1571.45,1593.65,6503,2403,2.71,2891
2024-08-08,1593.0,1609.45,1590.0,1595.35,4307,1830,2.35,2176
2024-08-09,1606.0,1625.2,1587.15,1600.15,6578,2261,2.91,3293
2024-08-12,1569.0,1615.6,1533.2,1570.05,72069,8220,8.77,52124
2024-08-13,1575.0,1590.3,1510.55,1518.2,38432,4530,8.48,31438
2024-08-14,1519.0,1539.15,1500.0,1509.05,13931,2287,6.09,8105
2024-08-16,1487.05,1569.9,1487.05,1560.85,8476,2051,4.13,4390
2024-08-19,1566.15,1571.8,1525.0,1539.0,12994,2486,5.23,7048
2024-08-20,1557.3,1561.05,1518.05,1524.65,9427,2098,4.49,4844
2024-08-21,1532.1,1543.8,1506.7,1519.05,13687,2829,4.84,8329
2024-08-22,1529.0,1580.0,1520.0,1536.25,12333,2791,4.42,7059
2024-08-23,1536.25,1568.75,1536.25,1561.45,5246,1578,3.32,2531
2024-08-26,1570.0,1570.0,1525.0,1528.2,6803,1389,4.9,4017
2024-08-27,1528.2,1537.2,1519.0,1520.75,4675,1137,4.11,2731
2024-08-28,1532.75,1595.15,1532.75,1565.6,21297,4095,5.2,7574
2024-08-29,1569.5,1625.0,1560.0,1611.05,33038,4876,6.78,16048
2024-08-30,1615.1,1735.0,1611.05,1704.9,41478,6238,6.65,16982
2024-09-02,1713.55,1849.0,1690.1,1828.45,124022,16846,7.36,51131
2024-09-03,1823.0,1910.0,1780.25,1896.3,77070,10055,7.66,40127
2024-09-04,1875.0,1918.0,1855.0,1872.4,37154,8047,4.62,14564
2024-09-05,1885.45,1930.0,1855.0,1861.2,24772,4462,5.55,11117
2024-09-06,1855.0,1880.35,1791.55,1812.35,19694,4471,4.4,8920
2024-09-09,1818.0,1820.0,1735.9,1763.6,21077,4813,4.38,9176
2024-09-10,1790.0,1820.0,1724.3,1746.8,16692,2974,5.61,9653
2024-09-11,1757.3,1781.95,1705.25,1733.0,17456,3348,5.21,8399
2024-09-12,1750.05,1757.2,1713.25,1719.05,14323,3228,4.44,7437
2024-09-13,1736.25,1764.0,1713.25,1752.2,10709,2753,3.89,5541
2024-09-16,1762.45,1771.7,1704.05,1752.7,15720,3220,4.88,9095
2024-09-17,1775.0,1775.0,1710.0,1749.55,13032,2710,4.81,7525
2024-09-18,1749.6,1858.05,1743.8,1755.0,41552,12504,3.32,14549
2024-09-19,1765.1,1785.95,1727.25,1763.9,13999,3845,3.64,5214
2024-09-20,1776.0,1786.9,1730.15,1749.3,6965,1830,3.81,3646
2024-09-23,1759.3,1816.45,1720.6,1783.2,13798,3519,3.92,7086
2024-09-24,1795.1,1949.0,1795.1,1861.7,113156,18449,6.13,29722
2024-09-25,1865.1,1895.0,1822.0,1870.65,20728,5539,3.74,8478
2024-09-26,1875.95,1926.4,1812.35,1893.9,22389,4641,4.82,9977
2024-09-27,1894.35,1897.2,1827.1,1852.9,15001,3158,4.75,7170
2024-09-30,1859.05,1862.0,1763.95,1822.85,15315,2632,5.82,7602
2024-10-01,1831.8,1883.0,1801.0,1867.15,9105,2239,4.07,4744
2024-10-03,1808.0,1929.0,1808.0,1880.5,22714,3637,6.25,10745
2024-10-04,1880.5,1882.45,1824.45,1858.7,13339,1580,8.44,7663
2024-10-07,1855.0,1866.65,1720.2,1750.05,26576,3496,7.6,16179
2024-10-08,1750.05,1869.25,1740.05,1851.65,10451,1748,5.98,6440
2024-10-09,1856.3,1879.0,1790.0,1798.3,9034,1778,5.08,5514
2024-10-10,1800.0,1843.75,1775.95,1783.9,4977,1532,3.25,2034
2024-10-11,1799.9,1802.7,1760.0,1774.4,3170,808,3.92,1781
2024-10-14,1785.1,1798.65,1735.0,1757.1,8712,1642,5.31,5028
2024-10-15,1767.1,1774.5,1745.0,1755.65,4259,1052,4.05,2140
2024-10-16,1761.55,1845.0,1747.4,1835.5,14331,2546,5.63,6794
2024-10-17,1825.0,1850.0,1785.05,1842.05,7896,2014,3.92,4063
2024-10-18,1850.0,1925.0,1732.25,1863.75,34164,3413,10.01,20113
2024-10-21,1870.2,1881.0,1830.8,1855.3,11895,2325,5.12,5778
2024-10-22,1863.3,1868.75,1750.0,1769.65,11737,3123,3.76,6071
2024-10-23,1743.1,1827.05,1743.1,1779.3,12279,3002,4.09,4341
2024-10-24,1785.45,1812.6,1758.6,1766.6,7710,2045,3.77,3467
2024-10-25,1779.5,1779.5,1651.5,1669.4,9627,2528,3.81,5085
2024-10-28,1669.4,1699.25,1606.3,1682.6,6761,2121,3.19,2796
2024-10-29,1700.0,1716.75,1653.85,1684.4,8293,2633,3.15,3153
2024-10-30,1693.45,1745.0,1681.05,1688.6,11210,1917,5.85,6446
2024-10-31,1688.6,1859.9,1688.6,1844.2,22720,4001,5.68,10270
2024-11-01,1836.0,1849.0,1813.0,1829.2,3232,546,5.92,1972
2024-11-04,1801.75,1847.3,1792.0,1817.7,13951,3259,4.28,9355
2024-11-05,1793.0,1845.0,1774.0,1784.55,5008,1664,3.01,2057
2024-11-06,1773.25,1839.25,1773.25,1785.15,8964,1902,4.71,5473
2024-11-07,1789.6,1825.0,1761.35,1807.45,11707,4038,2.9,6998
2024-11-08,1815.55,1849.0,1762.0,1789.05,12575,2611,4.82,5492
2024-11-11,1787.7,1792.45,1711.0,1725.3,10157,2453,4.14,5801
